"region","year","rural_population","total_population","urban_population","rural_share","urban_share"
"northern_america","0",1457287,1457287,0,1,0
"northern_america","100",1652937,1652937,0,1,0
"northern_america","200",1742092,1742092,0,1,0
"northern_america","300",1769540,1769540,0,1,0
"northern_america","400",1829643,1829643,0,1,0
"northern_america","500",1933655,1933655,0,1,0
"northern_america","600",2022327,2022327,0,1,0
"northern_america","700",2029117,2029117,0,1,0
"northern_america","800",2072757,2072757,0,1,0
"northern_america","900",2189710,2189710,0,1,0
"northern_america","1000",2509128,2524128,15000,0.9940573536682767,0.005942646331723272
"northern_america","1100",2785845,2800845,15000,0.9946444733642883,0.005355526635711723
"northern_america","1200",3058116,3073116,15000,0.9951189606900618,0.0048810393099381864
"northern_america","1300",3422969,3437969,15000,0.9956369589138239,0.004363041086176169
"northern_america","1400",3904811,3919811,15000,0.9961732848854192,0.0038267151145807794
"northern_america","1500",4107721,4132721,25000,0.9939507167311803,0.006049283268819743
"northern_america","1600",1922205,1947205,25000,0.987161084734273,0.01283891526572703
"northern_america","1700",2970564,3006664,36100,0.9879933374663747,0.012006662533625307
"northern_america","1710",3551075,3596717,45642,0.9873100941775513,0.012689905822448638
"northern_america","1720",4224521,4282846,58325,0.9863817190718508,0.013618280928149179
"northern_america","1730",5003469,5068145,64676,0.9872387234382599,0.012761276561740045
"northern_america","1740",5899203,5970230,71027,0.988103138405053,0.011896861594946928
"northern_america","1750",6907709,6997372,89663,0.9871861893293654,0.012813810670634633
"northern_america","1760",7589547,7697449,107902,0.9859821091377157,0.014017890862284376
"northern_america","1770",8700257,8827675,127418,0.985566074872489,0.014433925127510924
"northern_america","1780",9901294,10056685,155391,0.984548486901996,0.015451513098003964
"northern_america","1790",11141998,11375900,233902,0.979438813632328,0.02056118636767201
"northern_america","1800",12507088,12863729,356641,0.9722754576064219,0.0277245423935781
"northern_america","1810",9290773,9768244,477471,0.9511200784910778,0.048879921508922175
"northern_america","1820",11870712,12553719,683007,0.9455932540787315,0.05440674592126843
"northern_america","1830",14728395,15760465,1032070,0.9345152570054247,0.06548474299457535
"northern_america","1840",18654876,20403916,1749040,0.9142792001300143,0.08572079986998574
"northern_america","1850",23700976,26745977,3045001,0.8861510648872539,0.11384893511274612
"northern_america","1860",31668280,36379911,4711631,0.87048811086976,0.12951188913024003
"northern_america","1870",40125400,47306771,7181371,0.8481957054308357,0.1518042945691643
"northern_america","1880",50786272,60965262,10178990,0.8330362297138983,0.16696377028610163
"northern_america","1890",60855765,75422511,14566746,0.8068647436042006,0.1931352563957994
"northern_america","1900",69006803,96170511,27163708,0.7175463900779315,0.2824536099220685
"northern_america","1910",81789606,120901087,39111481,0.6765001707552886,0.32349982924471143
"northern_america","1920",94265215,145817078,51551863,0.6464621037050269,0.35353789629497306
"northern_america","1930",108289485,168511780,60222295,0.6426226403875147,0.35737735961248523
"northern_america","1940",113561729,185432519,71870790,0.6124153930088174,0.3875846069911826
"northern_america","1950",134262472,218290363,84027891,0.6150636709509709,0.3849363290490291
"northern_america","1951",131033532,216690045,85656513,0.6047049000335941,0.39529509996640594
"northern_america","1952",132450828,219632083,87181255,0.6030577417963112,0.3969422582036888
"northern_america","1953",134046265,222752273,88706008,0.6017728268029839,0.39822717319701606
"northern_america","1954",135673009,225903772,90230763,0.6005787676710418,0.3994212323289582
"northern_america","1955",137622447,229378562,91756115,0.5999795525791115,0.40002044742088844
"northern_america","1956",139429875,232711300,93281425,0.5991538657555521,0.4008461342444479
"northern_america","1957",141476092,236282877,94806785,0.5987572768550639,0.40124272314493614
"northern_america","1958",143246580,239578676,96332096,0.5979103916577283,0.40208960834227164
"northern_america","1959",145384815,243242249,97857434,0.597695571380776,0.40230442861922394
"northern_america","1960",146247036,248906742,102659706,0.5875575519766355,0.4124424480233645
"northern_america","1961",147057333,251766879,104709546,0.5841011875116424,0.4158988124883575
"northern_america","1962",148135156,254834792,106699636,0.5812987890601689,0.41870121093983115
"northern_america","1963",149073939,257763646,108689707,0.5783357789717174,0.4216642210282826
"northern_america","1964",150942335,252513375,101571040,0.5977597622304165,0.4022402377695835
"northern_america","1965",151995209,255392776,103397567,0.5951429456250555,0.4048570543749444
"northern_america","1966",152663991,258452303,105788312,0.5906853575222349,0.40931464247776506
"northern_america","1967",153436440,261305660,107869220,0.5871914140704032,0.4128085859295968
"northern_america","1968",154085226,264334245,110249019,0.582918138359258,0.417081861640742
"northern_america","1969",154806961,267208139,112401178,0.5793497218286453,0.42065027817135464
"northern_america","1970",155092017,273234824,118142807,0.5676143865175839,0.4323856134824161
"northern_america","1971",155894476,278397992,122503516,0.5599698290927329,0.44003017090726715
"northern_america","1972",156602487,283387716,126785229,0.5526085929567957,0.44739140704320435
"northern_america","1973",156794045,288096144,131302099,0.5442420812129996,0.4557579187870005
"northern_america","1974",157273719,292979646,135705927,0.5368076627411857,0.4631923372588142
"northern_america","1975",110611336,227193812,116582476,0.4868589290627334,0.5131410709372666
"northern_america","1976",104266888,230168611,125901723,0.4530022036758088,0.5469977963241912
"northern_america","1977",107638594,235321382,127682788,0.457411022683863,0.542588977316137
"northern_america","1978",110013678,239477416,129463738,0.45939061744344195,0.5406093825565581
"northern_america","1979",111384615,242631228,131246613,0.4590695761553002,0.5409304238446998
"northern_america","1980",122682548,247921007,125238459,0.49484531175690166,0.5051546882430983
"northern_america","1981",124876251,251203976,126327725,0.49711096531370186,0.5028890346862981
"northern_america","1982",128328645,256719327,128390682,0.4998791734912892,0.5001208265087108
"northern_america","1983",130742537,261138805,130396268,0.5006629979791781,0.4993370020208218
"northern_america","1984",133455630,265857459,132401829,0.5019818909801587,0.49801810901984134
"northern_america","1985",128461285,260603262,132141977,0.49293813137304476,0.5070618686269552
"northern_america","1986",130776547,265235998,134459451,0.4930573074021423,0.5069426925978577
"northern_america","1987",133618522,269887145,136268623,0.4950903534142021,0.504909646585798
"northern_america","1988",136551642,274623467,138071825,0.49723224126363536,0.5027677587363647
"northern_america","1989",140034893,279410327,139375434,0.5011800905984409,0.49881990940155907
"northern_america","1990",128787643,274577385,145789742,0.4690395132140981,0.5309604867859019
"northern_america","1991",133019185,279095055,146075870,0.4766088922643219,0.5233911077356781
"northern_america","1992",134564044,283424358,148860314,0.4747793906972526,0.5252206093027474
"northern_america","1993",136095932,287740706,151644774,0.47298115686141395,0.527018843138586
"northern_america","1994",138178883,292608157,154429274,0.47223182161664756,0.5277681783833524
"northern_america","1995",138520347,293335209,154814862,0.4722254361221261,0.5277745638778739
"northern_america","1996",140778716,298088624,157309908,0.47227134706086604,0.527728652939134
"northern_america","1997",140842660,301339686,160497026,0.46738835454949,0.53261164545051
"northern_america","1998",141843522,305527632,163684110,0.464257589637588,0.535742410362412
"northern_america","1999",143864592,310737590,166872998,0.462977755604013,0.537022244395987
"northern_america","2000",152658295,310703613,158045318,0.491330929582721,0.508669070417279
"northern_america","2001",153882021,316028385,162146364,0.48692468241420783,0.5130753175857922
"northern_america","2002",154868997,318559063,163690066,0.4861547354563885,0.5138452645436115
"northern_america","2003",157303910,322537930,165234020,0.4877067016583135,0.5122932983416865
"northern_america","2004",159895416,326673372,166777956,0.48946571623229823,0.5105342837677017
"northern_america","2005",158022776,325887530,167864754,0.4848997321253747,0.5151002678746254
"northern_america","2006",160876396,329823128,168946732,0.48776566087263595,0.512234339127364
"northern_america","2007",163062602,333827824,170765222,0.48846318454270005,0.5115368154572999
"northern_america","2008",165357096,337940774,172583678,0.4893079164220651,0.5106920835779348
"northern_america","2009",167374057,341776208,174402151,0.48971828079969804,0.510281719200302
"northern_america","2010",165185905,340949524,175763619,0.4844878592644699,0.5155121407355301
"northern_america","2011",167720093,344683649,176963556,0.48659138165268756,0.5134086183473124
"northern_america","2012",169703120,348919548,179216428,0.48636747632150434,0.5136325236784957
"northern_america","2013",171560044,353029386,181469342,0.4859653354749341,0.514034664525066
"northern_america","2014",173561458,357283674,183722216,0.48578054534895987,0.5142194546510401
"northern_america","2015",168956818,354566531,185609713,0.4765165440840777,0.5234834559159223
"northern_america","2016",174623519,362869676,188246157,0.4812292967682425,0.5187707032317576
"northern_america","2017",176102875,366442734,190339859,0.4805740669973279,0.5194259330026721
"northern_america","2018",182081643,374515219,192433576,0.4861795562972836,0.5138204437027164
"northern_america","2019",183904321,378431643,194527322,0.4859644387612692,0.5140355612387307
"northern_america","2020",180554159,375288955,194734796,0.4811070419058829,0.5188929580941171
"northern_america","2021",180534003,378832787,198298784,0.47655326887004634,0.5234467311299537
"northern_america","2022",182618426,382094440,199476014,0.47794054789177254,0.5220594521082275
"northern_america","2023",184458193,385109707,200651514,0.4789757039284393,0.5210242960715608
"northern_america","2024",186356940,388184429,201827489,0.4800731973718606,0.5199268026281394
"northern_america","2025",180131185,384132781,204001596,0.4689294793614607,0.5310705206385393
"northern_america","-1000",837450,837450,0,1,0
"northern_america","-10000",258796,258796,0,1,0
"northern_america","-2000",642874,642874,0,1,0
"northern_america","-3000",478047,478047,0,1,0
"northern_america","-4000",316141,316141,0,1,0
"northern_america","-5000",229147,229147,0,1,0
"northern_america","-6000",205116,205116,0,1,0
"northern_america","-7000",205340,205340,0,1,0
"northern_america","-8000",225131,225131,0,1,0
"northern_america","-9000",252647,252647,0,1,0
"latin_america","0",13431121,13920882,489761,0.9648182493034565,0.03518175069654351
"latin_america","100",15077585,15577108,499523,0.9679322374859313,0.032067762514068725
"latin_america","200",15730801,16240085,509284,0.9686403119195497,0.03135968808045032
"latin_america","300",16248238,16767284,519046,0.9690441218744789,0.030955878125521103
"latin_america","400",16888320,17426488,538168,0.9691178165101311,0.030882183489868986
"latin_america","500",17867419,18425587,558168,0.9697069081164145,0.03029309188358558
"latin_america","600",18860332,19418500,558168,0.9712558642531607,0.028744135746839355
"latin_america","700",19059026,19574026,515000,0.9736896231771635,0.02631037682283655
"latin_america","800",19363080,19774801,411721,0.9791795123500864,0.020820487649913646
"latin_america","900",20163193,20432653,269460,0.9868122852181751,0.013187714781824955
"latin_america","1000",22091862,22363782,271920,0.9878410547911798,0.012158945208820226
"latin_america","1100",23404601,23738981,334380,0.9859143069367636,0.01408569306323637
"latin_america","1200",25943269,26315108,371839,0.9858697520830999,0.014130247916900056
"latin_america","1300",29926139,30414438,488299,0.9839451578885002,0.01605484211149981
"latin_america","1400",33371868,33997627,625759,0.9815940389015975,0.018405961098402545
"latin_america","1500",36772137,37588562,816425,0.9782799618671233,0.021720038132876696
"latin_america","1600",8854549,9831585,977036,0.9006227378393209,0.09937726216067908
"latin_america","1700",16005849,17253021,1247172,0.927712833595925,0.07228716640407497
"latin_america","1710",16992387,18267343,1274956,0.9302057228574512,0.06979427714254886
"latin_america","1720",17290107,18559118,1269011,0.9316233131337384,0.06837668686626164
"latin_america","1730",17184052,18478949,1294897,0.9299258307385339,0.07007416926146612
"latin_america","1740",17002552,18343897,1341345,0.9268778602496515,0.07312213975034858
"latin_america","1750",16885431,18325731,1440300,0.9214055908601955,0.07859440913980457
"latin_america","1760",17245707,18732398,1486691,0.9206353078767598,0.07936469212324017
"latin_america","1770",17845587,19404258,1558671,0.9196737643871773,0.0803262356128227
"latin_america","1780",18719801,20208455,1488654,0.926335090930999,0.07366490906900107
"latin_america","1790",19815691,21350655,1534964,0.9281069362977389,0.07189306370226113
"latin_america","1800",20944576,22774616,1830040,0.9196456265168204,0.0803543734831797
"latin_america","1810",22312798,24343392,2030594,0.9165854125834231,0.08341458741657695
"latin_america","1820",24413243,26621371,2208128,0.9170543094869156,0.0829456905130844
"latin_america","1830",26792280,29177613,2385333,0.9182478361064011,0.08175216389359884
"latin_america","1840",29515989,32173195,2657206,0.9174093216418202,0.08259067835817985
"latin_america","1850",32252041,35377155,3125114,0.9116629361518754,0.08833706384812459
"latin_america","1860",34266643,38134021,3867378,0.8985845736016141,0.10141542639838584
"latin_america","1870",39029975,43881967,4851992,0.889430845249029,0.11056915475097094
"latin_america","1880",42576912,49584112,7007200,0.8586805386370537,0.14131946136294626
"latin_america","1890",49375444,58862913,9487469,0.8388209397655872,0.1611790602344128
"latin_america","1900",54929447,68602656,13673209,0.8006898012811632,0.19931019871883676
"latin_america","1910",62932882,82819458,19886576,0.7598803894611337,0.24011961053886635
"latin_america","1920",74006903,99840936,25834033,0.7412480888600643,0.2587519111399356
"latin_america","1930",89336364,121950582,32614218,0.7325620143411862,0.2674379856588138
"latin_america","1940",97710873,143536693,45825820,0.6807379420396706,0.31926205796032936
"latin_america","1950",120789092,185715830,64926738,0.6503973947724327,0.3496026052275673
"latin_america","1951",123514924,190044190,66529266,0.649927387940668,0.3500726120593321
"latin_america","1952",125414059,194238527,68824468,0.6456703566332131,0.35432964336678685
"latin_america","1953",127916348,198511397,70595049,0.6443778540332372,0.3556221459667628
"latin_america","1954",130407793,202847342,72439549,0.6428863780724324,0.35711362192756757
"latin_america","1955",133497969,207667543,74169574,0.6428446500183228,0.3571553499816772
"latin_america","1956",136488738,212388274,75899536,0.6426378228395039,0.3573621771604962
"latin_america","1957",139615473,217249167,77633694,0.6426513616965905,0.35734863830340946
"latin_america","1958",142728684,222094264,79365580,0.6426491230768572,0.3573508769231429
"latin_america","1959",146201125,227298574,81097449,0.6432118003520779,0.35678819964792213
"latin_america","1960",149099355,235772055,86672700,0.6323877314467993,0.36761226855320067
"latin_america","1961",151763310,243683060,91919750,0.622789741724353,0.3772102582756471
"latin_america","1962",154860858,251614901,96754043,0.6154677540341699,0.38453224596583013
"latin_america","1963",157983971,259876431,101892460,0.6079195808257041,0.392080419174296
"latin_america","1964",161722825,269064161,107341336,0.6010567308516425,0.39894326914835754
"latin_america","1965",164941256,277667157,112725901,0.5940250830601475,0.40597491693985255
"latin_america","1966",167418334,285592058,118173724,0.5862149499969639,0.41378505000303617
"latin_america","1967",169857591,293713872,123856281,0.5783097333584571,0.4216902666415429
"latin_america","1968",171954263,304514474,132560211,0.5646833818480497,0.43531661815195033
"latin_america","1969",174832830,311892217,137059387,0.5605552831092288,0.4394447168907713
"latin_america","1970",177446176,320380349,142934173,0.5538609860244581,0.44613901397554195
"latin_america","1971",179764767,328182012,148417245,0.547759354342675,0.4522406456573251
"latin_america","1972",182674509,336563226,153888717,0.5427643155524068,0.4572356844475932
"latin_america","1973",184984009,345873606,160889597,0.5348312383223599,0.46516876167764015
"latin_america","1974",188149494,356019344,167869850,0.5284810984877271,0.4715189015122729
"latin_america","1975",139786438,331190499,191404061,0.42207260903338895,0.577927390966611
"latin_america","1976",131190196,335523014,204332818,0.3910020789214775,0.6089979210785225
"latin_america","1977",130464757,343038679,212573922,0.3803208354822285,0.6196791645177715
"latin_america","1978",130127448,349096879,218969431,0.3727545441619374,0.6272454558380627
"latin_america","1979",127699408,353694852,225995444,0.36104401089784594,0.6389559891021541
"latin_america","1980",138782280,361403785,222621505,0.38400892785337043,0.6159910721466295
"latin_america","1981",135407037,366191130,230784093,0.3697714824496159,0.6302285175503841
"latin_america","1982",138178478,374228737,236050259,0.3692353481662206,0.6307646518337794
"latin_america","1983",138342354,380670019,242327665,0.3634180447501961,0.6365819552498039
"latin_america","1984",139190125,387552168,248362043,0.35915197099348956,0.6408480290065104
"latin_america","1985",145193417,400018884,254825467,0.36296640685593234,0.6370335931440677
"latin_america","1986",146847677,407128996,260281319,0.3606907845984028,0.6393092154015972
"latin_america","1987",147134797,414268959,267134162,0.355167322589574,0.644832677410426
"latin_america","1988",147380613,421537326,274156713,0.3496264836106115,0.6503735163893885
"latin_america","1989",157015099,428889566,271874467,0.3660968031103839,0.633903196889616
"latin_america","1990",159823809,438821096,278997287,0.3642117720794353,0.6357882279205647
"latin_america","1991",150602367,446042210,295439843,0.33764151379305557,0.6623584862069444
"latin_america","1992",149453552,452960526,303506974,0.32994829222712446,0.6700517077728756
"latin_america","1993",149817481,459858748,310041267,0.3257902163470423,0.6742097836529577
"latin_america","1994",152031466,467636077,315604611,0.32510636684688465,0.6748936331531153
"latin_america","1995",158143458,478505141,320361683,0.3304947939942823,0.6695052060057177
"latin_america","1996",149165382,486261470,337096088,0.3067596163849873,0.6932403836150127
"latin_america","1997",146248700,491563170,345314470,0.2975176110122327,0.7024823889877674
"latin_america","1998",144944948,498395673,353450725,0.2908230465315456,0.7091769534684543
"latin_america","1999",143729442,506893477,363164035,0.283549598725651,0.716450401274349
"latin_america","2000",144996083,515846853,370850770,0.2810835854803596,0.7189164145196404
"latin_america","2001",147548927,524686777,377137850,0.2812133514087015,0.7187866485912985
"latin_america","2002",154768616,528889807,374121191,0.29262922815224535,0.7073707718477547
"latin_america","2003",157603504,535494301,377890797,0.29431406404453964,0.7056859359554604
"latin_america","2004",160699225,542358817,381659592,0.2962968794144265,0.7037031205855735
"latin_america","2005",165746010,549734678,383988668,0.301501827396088,0.698498172603912
"latin_america","2006",168241218,556373935,388132717,0.3023887486749357,0.6976112513250643
"latin_america","2007",171246526,563129711,391883185,0.3040978351078336,0.6959021648921664
"latin_america","2008",174433109,570067230,395634121,0.3059869078950565,0.6940130921049434
"latin_america","2009",177153112,576537506,399384394,0.30727075022244954,0.6927292497775505
"latin_america","2010",177106781,580393267,403286486,0.305149613322444,0.6948503866775559
"latin_america","2011",179843311,586750510,406907199,0.30650729387521114,0.6934927061247889
"latin_america","2012",183334650,593960298,410625648,0.3086648225770807,0.6913351774229193
"latin_america","2013",186612960,600955957,414342997,0.3105268494742619,0.6894731505257381
"latin_america","2014",190140592,608201274,418060682,0.3126277436899943,0.6873722563100056
"latin_america","2015",189842937,609982044,420139107,0.3112270908092501,0.6887729091907498
"latin_america","2016",198339113,624266727,425927614,0.31771533612426534,0.6822846638757346
"latin_america","2017",201565260,630413063,428847803,0.3197352209689221,0.680264779031078
"latin_america","2018",212532822,644300847,431768025,0.32986581189454806,0.6701341881054519
"latin_america","2019",216348749,651037953,434689204,0.33231357404443057,0.6676864259555695
"latin_america","2020",215185995,651207084,436021089,0.3304417293470352,0.6695582706529648
"latin_america","2021",220826774,657357289,436530515,0.33593112557697674,0.6640688744230232
"latin_america","2022",224096121,663016661,438920540,0.33799470538493753,0.6620052946150625
"latin_america","2023",226941469,668249277,441307808,0.33960600753481995,0.66039399246518
"latin_america","2024",229886930,673583620,443696690,0.34128937102122525,0.6587106289787747
"latin_america","2025",226983334,673532225,446548891,0.3370044157872327,0.6629955842127673
"latin_america","-1000",6133106,6133106,0,1,0
"latin_america","-10000",499470,499470,0,1,0
"latin_america","-2000",3973247,3973247,0,1,0
"latin_america","-3000",2470152,2470152,0,1,0
"latin_america","-4000",1410482,1410482,0,1,0
"latin_america","-5000",841164,841164,0,1,0
"latin_america","-6000",642185,642185,0,1,0
"latin_america","-7000",569554,569554,0,1,0
"latin_america","-8000",548543,548543,0,1,0
"latin_america","-9000",515035,515035,0,1,0
"europe","0",28707194,30635595,1928401,0.9370535809733743,0.06294641902662573
"europe","100",32528710,34748392,2219682,0.9361213031095079,0.06387869689049208
"europe","200",33189560,35429568,2240008,0.9367757461790107,0.0632242538209893
"europe","300",31167271,33609604,2442333,0.9273322887112863,0.07266771128871378
"europe","400",29228190,30825259,1597069,0.9481895999641073,0.05181040003589264
"europe","500",25156218,26754094,1597876,0.9402754584027402,0.059724541597259845
"europe","600",21135239,22733921,1598682,0.9296785627081223,0.07032143729187763
"europe","700",22165835,24698683,2532848,0.8974500786135035,0.1025499213864966
"europe","800",23350062,26318732,2968670,0.887203152492301,0.11279684750769908
"europe","900",23974851,27605447,3630596,0.8684826222882752,0.13151737771172478
"europe","1000",25181331,29590323,4408992,0.8509988552676495,0.14900114473235052
"europe","1100",27265968,32850002,5584034,0.8300141960417536,0.16998580395824633
"europe","1200",35649998,42880261,7230263,0.8313848182966983,0.16861518170330167
"europe","1300",55348575,63546428,8197853,0.8709942752407736,0.12900572475922645
"europe","1400",40430611,49792928,9362317,0.8119749656015408,0.18802503439845916
"europe","1500",55876402,66464801,10588399,0.8406916316502625,0.15930836834973747
"europe","1600",72671238,84576845,11905607,0.859233257045708,0.14076674295429203
"europe","1700",104774863,120182866,15408003,0.8717953439386277,0.12820465606137235
"europe","1710",109293381,125186221,15892840,0.8730464113937907,0.1269535886062093
"europe","1720",110928161,127293957,16365796,0.8714330484674933,0.12856695153250677
"europe","1730",110674400,127532149,16857749,0.8678156909282537,0.1321843090717463
"europe","1740",110536920,127934894,17397974,0.8640091576579568,0.13599084234204314
"europe","1750",110289474,128496044,18206570,0.8583102682912168,0.14168973170878318
"europe","1760",112423321,131457222,19033901,0.8552084038410609,0.14479159615893908
"europe","1770",115244523,135201997,19957474,0.8523877276753538,0.14761227232464622
"europe","1780",119304975,140242778,20937803,0.8507031641943088,0.1492968358056912
"europe","1790",124159259,145973133,21813874,0.8505624045213854,0.14943759547861454
"europe","1800",129202722,153168268,23965546,0.8435345237435211,0.1564654762564789
"europe","1810",144397912,169729653,25331741,0.850752413899061,0.149247586100939
"europe","1820",154544126,182427135,27883009,0.8471553642499511,0.15284463575004892
"europe","1830",161551548,192527015,30975467,0.8391110618943528,0.16088893810564714
"europe","1840",171182543,206672629,35490086,0.8282787315779488,0.17172126842205118
"europe","1850",176264204,216536418,40272214,0.8140164394887146,0.18598356051128545
"europe","1860",187396033,234849234,47453201,0.7979418531976136,0.20205814680238643
"europe","1870",208437947,262538987,54101040,0.793931405700137,0.206068594299863
"europe","1880",222150661,285990554,63839893,0.7767762182802723,0.2232237817197277
"europe","1890",231242504,304167009,72924505,0.7602484725751437,0.23975152742485625
"europe","1900",236962036,332520244,95558208,0.71262438987023,0.28737561012977003
"europe","1910",250609864,362547505,111937641,0.6912469691385684,0.3087530308614315
"europe","1920",252732762,383431210,130698448,0.6591345602774484,0.3408654397225515
"europe","1930",268104207,415234458,147130251,0.6456694569408784,0.35433054305912154
"europe","1940",276058163,426701631,150643468,0.6469583028146428,0.35304169718535716
"europe","1950",283798833,445927853,162129020,0.6364232040917166,0.3635767959082834
"europe","1951",284807002,449433135,164626133,0.6337027242105769,0.36629727578942306
"europe","1952",284570653,452196338,167625685,0.6293077344646696,0.37069226553533036
"europe","1953",284987193,455297858,170310665,0.6259357209626933,0.3740642790373066
"europe","1954",284867619,458711483,173843864,0.6210169781165038,0.3789830218834962
"europe","1955",285793831,462485193,176691362,0.6179523913968852,0.38204760860311476
"europe","1956",286183801,466122102,179938301,0.6139674556775254,0.3860325443224745
"europe","1957",287344610,468547974,181203364,0.6132661455067993,0.38673385449320075
"europe","1958",288201104,472402513,184201409,0.6100752982234876,0.38992470177651234
"europe","1959",289900213,474598912,184698699,0.6108320218820897,0.3891679781179102
"europe","1960",291190662,478797158,187606496,0.6081712414842696,0.39182875851573035
"europe","1961",291404320,484206449,192802129,0.6018183372026918,0.39818166279730816
"europe","1962",292221642,489418181,197196539,0.5970796618199192,0.40292033818008083
"europe","1963",292926653,494461144,201534491,0.592415918934168,0.40758408106583194
"europe","1964",295263289,501191391,205928102,0.5891228267326722,0.41087717326732776
"europe","1965",295801236,505498066,209696830,0.5851678886541971,0.41483211134580283
"europe","1966",295620090,509776961,214156871,0.5799008441262217,0.4200991558737783
"europe","1967",295571510,513540444,217968934,0.5755564404972162,0.4244435595027838
"europe","1968",296692116,520010095,223317979,0.5705506851746791,0.42944931482532084
"europe","1969",296070072,525192594,229122522,0.5637361900803955,0.43626380991960445
"europe","1970",295888754,530649790,234761036,0.557597043428586,0.4424029565714141
"europe","1971",295171262,535008154,239836892,0.5517135763130817,0.44828642368691823
"europe","1972",294351572,540440947,246089375,0.5446507590402841,0.4553492409597158
"europe","1973",292963452,545706180,252742728,0.5368519960686536,0.46314800393134636
"europe","1974",291942904,551624399,259681495,0.5292421882158261,0.4707578117841738
"europe","1975",151346291,427926096,276579805,0.35367389933611343,0.6463261006638866
"europe","1976",148363770,433544411,285180641,0.3422112388850516,0.6577887611149483
"europe","1977",154904006,443248168,288344162,0.34947466720268544,0.6505253327973146
"europe","1978",159579532,451066941,291487409,0.353782371295528,0.6462176287044721
"europe","1979",162134365,457003228,294868863,0.35477728616831566,0.6452227138316844
"europe","1980",176455222,466974794,290519572,0.37786883632095997,0.62213116367904
"europe","1981",180653902,473150401,292496499,0.3818107342151444,0.6181892657848556
"europe","1982",188411124,483548055,295136931,0.38964301903768384,0.6103569809623162
"europe","1983",194581374,491881981,297300607,0.395585489032175,0.6044145109678251
"europe","1984",201283576,500749450,299465874,0.40196464719032643,0.5980353528096736
"europe","1985",171792653,473093636,301300983,0.3631261127342664,0.6368738872657336
"europe","1986",178819381,481510054,302690673,0.3713720606963692,0.6286279393036308
"europe","1987",184687785,489949797,305262012,0.3769524676423123,0.6230475323576876
"europe","1988",190862715,498556392,307693677,0.3828307450524072,0.6171692549475928
"europe","1989",205297469,507230437,301932968,0.40474201472259047,0.5952579852774095
"europe","1990",174661975,479100407,304438432,0.3645623598896254,0.6354376401103746
"europe","1991",180822470,486991257,306168787,0.3713053723262223,0.6286946276737777
"europe","1992",185773697,494544114,308770417,0.37564636144875846,0.6243536385512416
"europe","1993",191058176,502075534,311017358,0.3805367182062291,0.6194632817937709
"europe","1994",197744460,510564842,312820382,0.3873052817843654,0.6126947182156346
"europe","1995",171957010,484975431,313018421,0.35456849771839266,0.6454315022816073
"europe","1996",178673651,492842730,314169079,0.362536850244296,0.6374631497557041
"europe","1997",182205719,498208922,316003203,0.365721509499583,0.634278490500417
"europe","1998",187163337,505128293,317964956,0.37052633874143337,0.6294736612585666
"europe","1999",194144515,513738942,319594427,0.377905000240375,0.622094999759625
"europe","2000",176864838,488095107,311230269,0.3623573263970458,0.6376426736029542
"europe","2001",185363718,496464817,311101099,0.3733672793171968,0.6266327206828032
"europe","2002",189975467,500428576,310453109,0.3796255372115281,0.620374462788472
"europe","2003",195304522,506694523,311390001,0.38544825952263156,0.6145517404773685
"europe","2004",200874838,513179717,312304879,0.3914317564503431,0.6085682435496569
"europe","2005",181487991,495046218,313558227,0.36660817596630946,0.6333918240336905
"europe","2006",187947276,501016314,313069038,0.37513204809534406,0.6248679519046559
"europe","2007",192886933,507097634,314210701,0.3803743501591648,0.6196256498408352
"europe","2008",198009833,513362246,315352413,0.3857117163228244,0.6142882836771756
"europe","2009",202694959,519189031,316494072,0.3904068593467646,0.6095931406532354
"europe","2010",186854533,504068434,317213901,0.37069278771778835,0.6293072122822116
"europe","2011",192240865,509586639,317345774,0.37724863700753347,0.6227513629924665
"europe","2012",197301900,515863682,318561782,0.3824690647635086,0.6175309352364914
"europe","2013",202157083,521934851,319777768,0.3873224457280014,0.6126775542719985
"europe","2014",207229854,528223667,320993813,0.3923145950217335,0.6076854049782665
"europe","2015",186221937,508285264,322063327,0.3663728819020022,0.6336271180979978
"europe","2016",197972993,520199769,322226776,0.3805710897960818,0.6194289102039182
"europe","2017",201647101,525314681,323667580,0.3838596336507108,0.6161403663492893
"europe","2018",211763562,536871971,325108409,0.3944395934948148,0.6055604065051852
"europe","2019",215953594,542502822,326549228,0.39806907032089134,0.6019309296791087
"europe","2020",197982354,523985758,326003404,0.37783918928575155,0.6221608107142484
"europe","2021",201443589,528929063,327485474,0.38085180620903036,0.6191481937909696
"europe","2022",205127379,533494940,328367561,0.3844973281283605,0.6155026718716395
"europe","2023",208446622,537695959,329249337,0.3876663354280481,0.6123336645719519
"europe","2024",211864864,541996057,330131193,0.3908974267685493,0.6091025732314507
"europe","2025",196318927,526507736,330188809,0.3728699762162659,0.6271300237837341
"europe","-1000",11837875,11948128,110253,0.9907723619967914,0.009227638003208536
"europe","-10000",514118,514118,0,1,0
"europe","-2000",7261108,7261108,0,1,0
"europe","-3000",4051678,4051678,0,1,0
"europe","-4000",2202226,2202226,0,1,0
"europe","-5000",1358229,1358229,0,1,0
"europe","-6000",924290,924290,0,1,0
"europe","-7000",641785,641785,0,1,0
"europe","-8000",573616,573616,0,1,0
"europe","-9000",522390,522390,0,1,0
"eastern_europe_and_russia","0",7864767,7864767,0,1,0
"eastern_europe_and_russia","100",8034385,8034385,0,1,0
"eastern_europe_and_russia","200",8952034,8952034,0,1,0
"eastern_europe_and_russia","300",8743387,8743387,0,1,0
"eastern_europe_and_russia","400",8187277,8187277,0,1,0
"eastern_europe_and_russia","500",7822794,7822794,0,1,0
"eastern_europe_and_russia","600",7079550,7079550,0,1,0
"eastern_europe_and_russia","700",6676757,6744171,67414,0.9900041087333047,0.009995891266695343
"eastern_europe_and_russia","800",6530484,6729605,199121,0.9704111905527888,0.02958880944721124
"eastern_europe_and_russia","900",6025535,6347095,321560,0.9493374528032116,0.05066254719678845
"eastern_europe_and_russia","1000",6587928,7054272,466344,0.9338919735445416,0.06610802645545848
"eastern_europe_and_russia","1100",8776957,9345073,568116,0.9392068954410522,0.0607931045589478
"eastern_europe_and_russia","1200",13965103,14681226,716123,0.9512218529978355,0.04877814700216453
"eastern_europe_and_russia","1300",12884965,13824841,939876,0.9320154206475142,0.06798457935248586
"eastern_europe_and_russia","1400",13893140,14976951,1083811,0.9276347368700077,0.07236526312999221
"eastern_europe_and_russia","1500",16446826,17696338,1249512,0.9293914933134754,0.07060850668652463
"eastern_europe_and_russia","1600",18131096,19202489,1071393,0.9442055141914155,0.0557944858085845
"eastern_europe_and_russia","1700",27032758,28554041,1521283,0.946722672283058,0.05327732771694206
"eastern_europe_and_russia","1710",30313618,31937540,1623922,0.9491531908844576,0.0508468091155424
"eastern_europe_and_russia","1720",32143471,33870502,1727031,0.9490107645880183,0.05098923541198179
"eastern_europe_and_russia","1730",33412471,35241607,1829136,0.9480972590154586,0.05190274098454137
"eastern_europe_and_russia","1740",34679161,36605745,1926584,0.9473693541819733,0.05263064581802665
"eastern_europe_and_russia","1750",35854073,37914858,2060785,0.9456470336774042,0.05435296632259575
"eastern_europe_and_russia","1760",37716391,39913137,2196746,0.9449618304870399,0.05503816951296011
"eastern_europe_and_russia","1770",39790745,42140398,2349653,0.9442422684285041,0.055757731571495835
"eastern_europe_and_russia","1780",42252734,44764017,2511283,0.9438995164352654,0.05610048356473459
"eastern_europe_and_russia","1790",44969077,47622836,2653759,0.944275494218782,0.05572450578121807
"eastern_europe_and_russia","1800",47809932,50848836,3038904,0.9402365080687393,0.05976349193126073
"eastern_europe_and_russia","1810",52003671,55453310,3449639,0.9377920091695158,0.06220799083048424
"eastern_europe_and_russia","1820",55483254,59304939,3821685,0.9355587398884265,0.0644412601115735
"eastern_europe_and_russia","1830",56974600,61206665,4232065,0.9308561412388667,0.06914385876113328
"eastern_europe_and_russia","1840",64336275,68992690,4656415,0.9325085744591203,0.06749142554087977
"eastern_europe_and_russia","1850",67587111,72877438,5290327,0.9274078899425636,0.07259211005743643
"eastern_europe_and_russia","1860",75857986,81976695,6118709,0.9253603844360888,0.07463961556391119
"eastern_europe_and_russia","1870",85947105,93277376,7330271,0.9214142666277405,0.07858573337225953
"eastern_europe_and_russia","1880",97270928,105880084,8609156,0.9186895620521042,0.08131043794789584
"eastern_europe_and_russia","1890",107623475,116829606,9206131,0.9212003590939098,0.0787996409060902
"eastern_europe_and_russia","1900",117225441,130935738,13710297,0.8952898787648029,0.10471012123519707
"eastern_europe_and_russia","1910",140298845,157938550,17639705,0.8883128596533272,0.1116871403466728
"eastern_europe_and_russia","1920",132530456,153942806,21412350,0.8609071085790134,0.13909289142098658
"eastern_europe_and_russia","1930",140140836,167601491,27460655,0.8361550673794423,0.16384493262055766
"eastern_europe_and_russia","1940",163500858,203288439,39787581,0.8042801587944703,0.19571984120552965
"eastern_europe_and_russia","1950",129374843,181614791,52239948,0.7123585159977416,0.28764148400225836
"eastern_europe_and_russia","1951",130760051,183726186,52966135,0.7117115629886314,0.28828843701136864
"eastern_europe_and_russia","1952",131668342,185568456,53900114,0.7095405374284086,0.2904594625715914
"eastern_europe_and_russia","1953",132939603,187771324,54831721,0.7079867157990535,0.29201328420094647
"eastern_europe_and_russia","1954",134256515,190021334,55764819,0.7065339042404576,0.29346609575954247
"eastern_europe_and_russia","1955",135836454,192011099,56174645,0.7074406360228166,0.2925593639771834
"eastern_europe_and_russia","1956",137321178,195485767,58164589,0.7024612589826041,0.2975387410173959
"eastern_europe_and_russia","1957",138932949,198685498,59752549,0.6992606425658706,0.3007393574341294
"eastern_europe_and_russia","1958",140184355,201611254,61426899,0.6953200886295762,0.3046799113704238
"eastern_europe_and_russia","1959",141807998,205373799,63565801,0.6904872904454574,0.3095127095545425
"eastern_europe_and_russia","1960",142899648,205083027,62183379,0.6967892472154704,0.3032107527845296
"eastern_europe_and_russia","1961",143453896,209994803,66540907,0.6831306963344231,0.3168693036655769
"eastern_europe_and_russia","1962",144049346,213483646,69434300,0.6747558827058818,0.3252441172941182
"eastern_europe_and_russia","1963",144592659,215826259,71233600,0.6699493364243505,0.33005066357564955
"eastern_europe_and_russia","1964",145642858,218676189,73033331,0.6660206521159009,0.33397934788409905
"eastern_europe_and_russia","1965",146087494,221094524,75007030,0.6607467763425927,0.3392532236574073
"eastern_europe_and_russia","1966",145917533,222920887,77003354,0.6545709330503426,0.34542906694965736
"eastern_europe_and_russia","1967",145815510,225931928,80116418,0.6453957671710746,0.35460423282892534
"eastern_europe_and_russia","1968",145307111,227792383,82485272,0.6378927560540951,0.3621072439459049
"eastern_europe_and_russia","1969",144926321,229987165,85060844,0.630149604218131,0.36985039578186896
"eastern_europe_and_russia","1970",144527432,232798258,88270826,0.6208269479404781,0.37917305205952184
"eastern_europe_and_russia","1971",144464421,234859826,90395405,0.6151091204504257,0.3848908795495744
"eastern_europe_and_russia","1972",144290545,236827821,92537276,0.6092634910490521,0.39073650895094797
"eastern_europe_and_russia","1973",143748627,240195217,96446590,0.5984658179101043,0.40153418208989566
"eastern_europe_and_russia","1974",143421127,245189242,101768115,0.5849405374808411,0.415059462519159
"eastern_europe_and_russia","1975",80772605,208080020,127307415,0.38818049421563877,0.6118195057843612
"eastern_europe_and_russia","1976",84297743,210804670,126506927,0.3998855575637864,0.6001144424362136
"eastern_europe_and_russia","1977",86940264,215522558,128582294,0.4033928736127937,0.5966071263872063
"eastern_europe_and_russia","1978",88682104,219329856,130647752,0.40433211245075545,0.5956678875492446
"eastern_europe_and_russia","1979",89277000,222218948,132941948,0.4017524194201477,0.5982475805798523
"eastern_europe_and_russia","1980",90596565,227063251,136466686,0.39899263575680943,0.6010073642431906
"eastern_europe_and_russia","1981",90539588,230070653,139531065,0.3935294954806774,0.6064705045193226
"eastern_europe_and_russia","1982",94151518,235122090,140970572,0.4004367177920203,0.5995632822079797
"eastern_europe_and_russia","1983",96758676,239168733,142410057,0.4045623973765835,0.5954376026234165
"eastern_europe_and_russia","1984",99641611,243491175,143849564,0.40922062575779183,0.5907793742422082
"eastern_europe_and_russia","1985",88904713,233076417,144171704,0.3814401909224476,0.6185598090775525
"eastern_europe_and_russia","1986",91327841,237219371,145891530,0.38499318422018747,0.6150068157798125
"eastern_europe_and_russia","1987",94346054,241380334,147034280,0.390860566130462,0.6091394338695381
"eastern_europe_and_russia","1988",97437279,245615256,148177977,0.39670694966928277,0.6032930503307172
"eastern_europe_and_russia","1989",105179039,249897108,144718069,0.42088938060059505,0.579110619399405
"eastern_europe_and_russia","1990",94648399,238858233,144209834,0.39625345047243987,0.6037465495275601
"eastern_europe_and_russia","1991",97006557,242786659,145780102,0.3995547259456295,0.6004452740543705
"eastern_europe_and_russia","1992",100100710,246552746,146452036,0.40600119700147247,0.5939988029985276
"eastern_europe_and_russia","1993",103276900,250307585,147030685,0.4125999617630445,0.5874000382369555
"eastern_europe_and_russia","1994",106392894,254543857,148150963,0.41797470681054383,0.5820252931894562
"eastern_europe_and_russia","1995",89106013,237638468,148532455,0.3749645995866292,0.6250354004133708
"eastern_europe_and_russia","1996",95398038,241487461,146089423,0.3950434428560247,0.6049565571439752
"eastern_europe_and_russia","1997",98130124,244122126,145992002,0.4019714460458205,0.5980285539541794
"eastern_europe_and_russia","1998",100990720,247516353,146525633,0.4080163543780075,0.5919836456219925
"eastern_europe_and_russia","1999",104714594,251737591,147022997,0.41596725218523284,0.5840327478147672
"eastern_europe_and_russia","2000",85820155,232504754,146684599,0.36911139890068656,0.6308886010993134
"eastern_europe_and_russia","2001",93122904,236487679,143364775,0.39377486553961233,0.6062251344603877
"eastern_europe_and_russia","2002",95260714,238383733,143123019,0.3996107989465875,0.6003892010534125
"eastern_europe_and_russia","2003",97975448,241359179,143383731,0.40593213983380344,0.5940678601661965
"eastern_europe_and_russia","2004",100812236,244456657,143644421,0.41239308938107583,0.5876069106189241
"eastern_europe_and_russia","2005",81819935,226070340,144250405,0.36192246625541413,0.6380775337445859
"eastern_europe_and_russia","2006",86849250,228802853,141953603,0.3795811497158211,0.620418850284179
"eastern_europe_and_russia","2007",89265073,231581226,142316153,0.38545902248570013,0.6145409775142999
"eastern_europe_and_russia","2008",91751878,234430571,142678693,0.39138188167446814,0.6086181183255319
"eastern_europe_and_russia","2009",94048090,237089341,143041251,0.3966778498068372,0.6033221501931628
"eastern_europe_and_russia","2010",78511872,222512660,144000788,0.35284226973871957,0.6471577302612804
"eastern_europe_and_russia","2011",82509755,224949767,142440012,0.36679191136926137,0.6332080886307386
"eastern_europe_and_russia","2012",84852314,227709956,142857642,0.37263330725864263,0.6273666927413574
"eastern_europe_and_russia","2013",87118592,230393847,143275255,0.37812898709920845,0.6218710129007916
"eastern_europe_and_russia","2014",89477777,233170661,143692884,0.3837437206561764,0.6162562793438237
"eastern_europe_and_russia","2015",78464601,221242430,142777829,0.35465439879683114,0.6453456012031689
"eastern_europe_and_russia","2016",84701109,226418958,141717849,0.3740901810881048,0.6259098189118952
"eastern_europe_and_russia","2017",86385608,228651048,142265440,0.37780543214479384,0.6221945678552061
"eastern_europe_and_russia","2018",90880933,233693986,142813053,0.3888886254864941,0.6111113745135058
"eastern_europe_and_russia","2019",92770863,236131533,143360670,0.3928779092794862,0.6071220907205138
"eastern_europe_and_russia","2020",81906721,224587586,142680865,0.3646983453484379,0.6353016546515621
"eastern_europe_and_russia","2021",83919419,226709523,142790104,0.370162743450349,0.629837256549651
"eastern_europe_and_russia","2022",85754360,228656807,142902447,0.3750352378532077,0.6249647621467923
"eastern_europe_and_russia","2023",87449858,230464611,143014753,0.3794502662276422,0.6205497337723578
"eastern_europe_and_russia","2024",89176203,232303280,143127077,0.3838783636632251,0.616121636336775
"eastern_europe_and_russia","2025",77198112,216179416,138981304,0.3571020471255228,0.6428979528744772
"eastern_europe_and_russia","-1000",4011903,4011903,0,1,0
"eastern_europe_and_russia","-10000",760847,760847,0,1,0
"eastern_europe_and_russia","-2000",2697061,2697061,0,1,0
"eastern_europe_and_russia","-3000",2255486,2255486,0,1,0
"eastern_europe_and_russia","-4000",1340466,1340466,0,1,0
"eastern_europe_and_russia","-5000",919392,919392,0,1,0
"eastern_europe_and_russia","-6000",942075,942075,0,1,0
"eastern_europe_and_russia","-7000",913916,913916,0,1,0
"eastern_europe_and_russia","-8000",795847,795847,0,1,0
"eastern_europe_and_russia","-9000",807187,807187,0,1,0
"central_asia","0",10286919,10624224,337305,0.968251328285247,0.031748671714753
"central_asia","100",11265670,11653090,387420,0.9667538824466301,0.03324611755336997
"central_asia","200",11349886,11737422,387536,0.9669828689809398,0.03301713101906023
"central_asia","300",12352488,12740139,387651,0.9695724669879976,0.030427533012002458
"central_asia","400",11482441,11870207,387766,0.96733283589747,0.032667164102529976
"central_asia","500",10914347,11352228,437881,0.9614277479275434,0.03857225207245661
"central_asia","600",10243544,10681541,437997,0.958994961494788,0.041005038505211935
"central_asia","700",9938439,10394697,456258,0.9561066570771616,0.043893342922838446
"central_asia","800",9867523,10499913,632390,0.9397718819194025,0.06022811808059743
"central_asia","900",9757549,10445138,687589,0.9341713819386589,0.06582861806134108
"central_asia","1000",10114735,10844884,730149,0.9326734154095148,0.06732658459048525
"central_asia","1100",8621004,9527030,906026,0.9048994282583345,0.09510057174166556
"central_asia","1200",8943419,10053561,1110142,0.8895772353696367,0.11042276463036331
"central_asia","1300",9872572,10938608,1066036,0.9025437240277739,0.09745627597222609
"central_asia","1400",12468191,13663021,1194830,0.9125500868365788,0.08744991316342118
"central_asia","1500",8754577,9918210,1163633,0.8826771161328506,0.11732288386714941
"central_asia","1600",18735591,19940236,1204645,0.9395872245443835,0.06041277545561647
"central_asia","1700",26066415,27342594,1276179,0.9533263376547229,0.04667366234527712
"central_asia","1710",26835119,27807107,971988,0.9650453389487803,0.03495466105121975
"central_asia","1720",26802334,27778089,975755,0.9648732135605153,0.03512678643948473
"central_asia","1730",26931191,27910715,979524,0.9649050911092747,0.0350949088907253
"central_asia","1740",26738069,27754960,1016891,0.963361827939943,0.03663817206005701
"central_asia","1750",25646866,26717057,1070191,0.9599435297083807,0.04005647029161932
"central_asia","1760",25745421,26825624,1080203,0.9597324185264059,0.04026758147359406
"central_asia","1770",25749991,26871316,1121325,0.9582705588367909,0.041729441163209126
"central_asia","1780",24834070,25978521,1144451,0.955946260374099,0.04405373962590095
"central_asia","1790",25188063,26343636,1155573,0.9561346429171736,0.04386535708282638
"central_asia","1800",26490727,27661928,1171201,0.9576601818933228,0.04233981810667716
"central_asia","1810",26133214,27292491,1159277,0.9575239577801821,0.0424760422198179
"central_asia","1820",26861220,28059104,1197884,0.9573085441359781,0.042691455864021885
"central_asia","1830",26607632,27849654,1242022,0.9554026057199849,0.044597394280015114
"central_asia","1840",27005352,28257809,1252457,0.955677490777859,0.04432250922214104
"central_asia","1850",27131865,28347249,1215384,0.9571251517210718,0.04287484827892823
"central_asia","1860",27751837,28999797,1247960,0.9569665953178914,0.04303340468210864
"central_asia","1870",29875905,31261944,1386039,0.9556636976894335,0.04433630231056648
"central_asia","1880",30851337,32574377,1723040,0.947104437331219,0.05289556266878105
"central_asia","1890",31220983,33308434,2087451,0.9373296565068174,0.06267034349318254
"central_asia","1900",31866015,34954707,3088692,0.9116373082457822,0.08836269175421782
"central_asia","1910",33062342,36753148,3690806,0.899578506853345,0.10042149314665508
"central_asia","1920",35927432,40231230,4303798,0.8930234546644484,0.10697654533555151
"central_asia","1930",38973575,44555441,5581866,0.8747208898684226,0.12527911013157741
"central_asia","1940",43712481,51656459,7943978,0.8462152041819204,0.1537847958180796
"central_asia","1950",51113847,63021440,11907593,0.8110548886220309,0.18894511137796915
"central_asia","1951",51562454,64473235,12910781,0.7997497566238145,0.2002502433761855
"central_asia","1952",52073043,65407680,13334637,0.7961304085391807,0.2038695914608193
"central_asia","1953",52802283,66587967,13785684,0.7929703425244985,0.20702965747550153
"central_asia","1954",53632149,67868886,14236737,0.7902317565666247,0.20976824343337536
"central_asia","1955",54643468,69331253,14687785,0.7881505906145962,0.21184940938540373
"central_asia","1956",55710083,71073041,15362958,0.7838426809400205,0.21615731905997942
"central_asia","1957",56949424,72857168,15907744,0.7816584910355011,0.21834150896449886
"central_asia","1958",58159124,74611672,16452548,0.779490962218351,0.22050903778164896
"central_asia","1959",59555906,76782504,17226598,0.7756442274922423,0.22435577250775776
"central_asia","1960",60714627,78573697,17859070,0.7727093075434646,0.2272906924565354
"central_asia","1961",61938835,80679976,18741141,0.7677101316936435,0.23228986830635645
"central_asia","1962",63282571,82686105,19403534,0.7653350100358458,0.2346649899641542
"central_asia","1963",64647575,84903053,20255478,0.7614281550040374,0.23857184499596262
"central_asia","1964",66473806,87382231,20908425,0.76072452304405,0.23927547695595
"central_asia","1965",67960817,89626122,21665305,0.7582701949326782,0.24172980506732178
"central_asia","1966",69286638,91756308,22469670,0.7551158008667916,0.24488419913320836
"central_asia","1967",70698634,93916076,23217442,0.7527852207113083,0.24721477928869173
"central_asia","1968",72044446,95899960,23855514,0.7512458399356997,0.24875416006430034
"central_asia","1969",73414146,98007467,24593321,0.7490668644665616,0.2509331355334385
"central_asia","1970",74746754,100176326,25429572,0.7461518802356557,0.25384811976434435
"central_asia","1971",76962299,103172765,26210466,0.7459555726746298,0.2540444273253702
"central_asia","1972",78584018,106561309,27977291,0.7374535723843257,0.26254642761567426
"central_asia","1973",80397571,109494900,29097329,0.7342585910394,0.2657414089606
"central_asia","1974",82248695,112242020,29993325,0.7327798893854548,0.26722011061454526
"central_asia","1975",75060184,122644614,47584430,0.6120137000064267,0.3879862999935733
"central_asia","1976",72898974,124251659,51352685,0.5867042306453228,0.4132957693546772
"central_asia","1977",74140598,127034227,52893629,0.5836269464606574,0.41637305353934256
"central_asia","1978",74835389,129276174,54440785,0.5788799798484136,0.4211200201515865
"central_asia","1979",74827831,130978203,56150372,0.5712998749875963,0.4287001250124038
"central_asia","1980",77856616,133834370,55977754,0.5817385773176202,0.4182614226823797
"central_asia","1981",78503589,135605895,57102306,0.5789098549144932,0.4210901450855068
"central_asia","1982",80113108,138583975,58470867,0.5780834905334473,0.4219165094665527
"central_asia","1983",80789420,140970686,60181266,0.5730937565275096,0.42690624347249045
"central_asia","1984",81635039,143515964,61880925,0.5688220092365474,0.43117799076345265
"central_asia","1985",87537576,152656487,65118911,0.5734284714674457,0.42657152853255426
"central_asia","1986",88929145,155370941,66441796,0.5723666499516148,0.42763335004838515
"central_asia","1987",89795064,158095198,68300134,0.56798097055421,0.43201902944579
"central_asia","1988",90751895,160870597,70118702,0.5641297831448963,0.43587021685510374
"central_asia","1989",97326910,163673261,66346351,0.594641479037923,0.405358520962077
"central_asia","1990",106882971,176061422,69178451,0.6070777447202488,0.39292225527975116
"central_asia","1991",108096147,178960045,70863898,0.6040239149470487,0.39597608505295134
"central_asia","1992",108574916,181735563,73160647,0.5974335138797242,0.40256648612027573
"central_asia","1993",109240057,184503268,75263211,0.5920765425141412,0.40792345748585873
"central_asia","1994",110096364,187623042,77526678,0.5867955386844224,0.41320446131557764
"central_asia","1995",120271078,202227762,81956684,0.5947307966549122,0.4052692033450877
"central_asia","1996",121782404,205507538,83725134,0.5925933675483962,0.4074066324516038
"central_asia","1997",121664772,207746075,86081303,0.585641735950968,0.414358264049032
"central_asia","1998",122182901,210632502,88449601,0.5800761983067552,0.41992380169324484
"central_asia","1999",123683278,214222980,90539702,0.5773576578945919,0.42264234210540813
"central_asia","2000",132313178,227604115,95290937,0.5813303419404346,0.4186696580595654
"central_asia","2001",133960966,231506146,97545180,0.5786497175759645,0.4213502824240355
"central_asia","2002",134282345,233356932,99074587,0.5754375661743787,0.42456243382562125
"central_asia","2003",135081642,236275970,101194328,0.5717113001377161,0.4282886998622839
"central_asia","2004",135987164,239301236,103314072,0.5682677042253137,0.43173229577468625
"central_asia","2005",148058865,254960084,106901219,0.5807139010826494,0.4192860989173505
"central_asia","2006",148949834,258036116,109086282,0.5772441327554318,0.4227558672445682
"central_asia","2007",149827268,261168418,111341150,0.5736806507745511,0.42631934922544884
"central_asia","2008",150796635,264392684,113596049,0.5703510124357298,0.4296489875642701
"central_asia","2009",151542497,267393430,115850933,0.5667397923726099,0.4332602076273901
"central_asia","2010",161569423,282141717,120572294,0.5726534335934448,0.42734656640655516
"central_asia","2011",161966875,285230928,123264053,0.5678447149321759,0.4321552850678241
"central_asia","2012",163295934,288742006,125446072,0.5655427011198364,0.43445729888016366
"central_asia","2013",164512691,292140779,127628088,0.5631281314547326,0.43687186854526733
"central_asia","2014",165852487,295662597,129810110,0.5609518710951457,0.43904812890485434
"central_asia","2015",173479372,307962765,134483393,0.5633128147813584,0.43668718521864164
"central_asia","2016",178892271,315180653,136288382,0.5675864596930066,0.4324135403069934
"central_asia","2017",179390980,318280017,138889037,0.5636262737789158,0.4363737262210841
"central_asia","2018",183794343,325284009,141489666,0.5650272928110647,0.4349727071889353
"central_asia","2019",184603586,328693915,144090329,0.5616276346338812,0.4383723653661188
"central_asia","2020",194323083,341440859,147117776,0.5691266228919604,0.4308733771080397
"central_asia","2021",196108445,344662935,148554490,0.5689861748551523,0.43101382514484765
"central_asia","2022",196400569,347637028,151236459,0.5649587160778512,0.4350412839221488
"central_asia","2023",196458004,350375566,153917562,0.5607069187010604,0.4392930812989397
"central_asia","2024",196577088,353175974,156598886,0.5565981337111001,0.44340186628889994
"central_asia","2025",214344766,375000229,160655463,0.5715856936183364,0.42841430638166356
"central_asia","-1000",5807270,5818423,11153,0.9980831575841083,0.0019168424158917288
"central_asia","-10000",279480,279480,0,1,0
"central_asia","-2000",3873509,3923614,50105,0.9872298855086152,0.012770114491384729
"central_asia","-3000",2440737,2440737,0,1,0
"central_asia","-4000",1370586,1370586,0,1,0
"central_asia","-5000",743850,743850,0,1,0
"central_asia","-6000",531477,531477,0,1,0
"central_asia","-7000",422102,422102,0,1,0
"central_asia","-8000",397588,397588,0,1,0
"central_asia","-9000",344604,344604,0,1,0
"middle_east","0",19334401,21842574,2508173,0.8851704474023986,0.11482955259760136
"middle_east","100",22439960,25100828,2660868,0.8939928196790958,0.10600718032090416
"middle_east","200",23070239,25498671,2428432,0.9047624089898646,0.09523759101013539
"middle_east","300",24378234,27030230,2651996,0.9018877752797516,0.0981122247202484
"middle_east","400",24586544,27420143,2833599,0.8966599481264558,0.1033400518735442
"middle_east","500",25021918,28183272,3161354,0.8878287091718804,0.11217129082811961
"middle_east","600",25089347,28315457,3226110,0.8860654094334413,0.11393459056655875
"middle_east","700",24295341,27657772,3362431,0.8784272644954916,0.12157273550450846
"middle_east","800",23610482,27676523,4066041,0.853087000849059,0.14691299915094103
"middle_east","900",23105491,27940471,4834980,0.8269542413941411,0.17304575860585886
"middle_east","1000",21788260,26909416,5121156,0.8096890694320531,0.19031093056794693
"middle_east","1100",18381438,23596631,5215193,0.7789856950341767,0.2210143049658233
"middle_east","1200",20242671,24349587,4106916,0.8313352912310176,0.1686647087689824
"middle_east","1300",20493128,24380039,3886911,0.8405699433048487,0.1594300566951513
"middle_east","1400",18797706,22924434,4126728,0.8199856101136456,0.18001438988635446
"middle_east","1500",19266512,23192255,3925743,0.8307304313444295,0.16926956865557058
"middle_east","1600",26923754,31285693,4361939,0.8605771973790064,0.13942280262099357
"middle_east","1700",33725812,38328006,4602194,0.8799260780746069,0.12007392192539315
"middle_east","1710",33754358,38402318,4647960,0.8789666811258633,0.12103331887413671
"middle_east","1720",33486253,38179784,4693531,0.8770676387273433,0.12293236127265675
"middle_east","1730",32828088,37567191,4739103,0.8738499506124906,0.12615004938750943
"middle_east","1740",32116396,36898792,4782396,0.8703915293487114,0.12960847065128853
"middle_east","1750",31089898,35524910,4435012,0.8751576851285479,0.12484231487145217
"middle_east","1760",31023226,35475674,4452448,0.8744929271815949,0.1255070728184051
"middle_east","1770",31092758,35560421,4467663,0.8743641702104707,0.1256358297895292
"middle_east","1780",31115879,35523177,4407298,0.8759317613962287,0.12406823860377128
"middle_east","1790",31697126,36124227,4427101,0.8774478689883108,0.12255213101168919
"middle_east","1800",32538714,37017905,4479191,0.8789993382931854,0.12100066170681457
"middle_east","1810",26790847,31298629,4507782,0.8559750971839694,0.1440249028160307
"middle_east","1820",27354874,32166926,4812052,0.850403734568855,0.14959626543114501
"middle_east","1830",27389099,32305363,4916264,0.8478189519182929,0.15218104808170704
"middle_east","1840",27980992,32922633,4941641,0.8499014036939269,0.15009859630607308
"middle_east","1850",28323881,33097374,4773493,0.8557742677712135,0.14422573222878649
"middle_east","1860",29275197,34088242,4813045,0.858806300424645,0.14119369957535505
"middle_east","1870",31767286,37116885,5349599,0.8558715527986791,0.1441284472013209
"middle_east","1880",33457573,39209505,5751932,0.8533026111908324,0.14669738880916758
"middle_east","1890",34464538,41546265,7081727,0.8295460013072173,0.1704539986927826
"middle_east","1900",34854348,42925994,8071646,0.8119636786978072,0.1880363213021928
"middle_east","1910",35872947,44760428,8887481,0.8014433418733172,0.1985566581266828
"middle_east","1920",38354368,48289954,9935586,0.7942514917284866,0.20574850827151336
"middle_east","1930",40748243,50582672,9834429,0.805577115420079,0.19442288457992096
"middle_east","1940",46335230,59146022,12810792,0.7834039962991932,0.21659600370080678
"middle_east","1950",50620536,67988473,17367937,0.7445458585310484,0.2554541414689517
"middle_east","1951",51716478,69594776,17878298,0.7431086206815293,0.25689137931847067
"middle_east","1952",52575870,70970021,18394151,0.7408180138484107,0.25918198615158927
"middle_east","1953",53586587,72453495,18866908,0.7395997529173713,0.26040024708262866
"middle_east","1954",54636727,74095616,19458889,0.7373813721988626,0.26261862780113737
"middle_east","1955",55784882,75868304,20083422,0.735285739351706,0.2647142606482939
"middle_east","1956",56890913,77950237,21059324,0.7298363056933361,0.27016369430666387
"middle_east","1957",58198886,80017932,21819046,0.7273230455393423,0.27267695446065765
"middle_east","1958",59428552,81948068,22519516,0.7251977191213342,0.27480228087866576
"middle_east","1959",60773011,84282741,23509730,0.7210611600778385,0.2789388399221615
"middle_east","1960",61981697,86710173,24728476,0.7148145927468049,0.2851854072531951
"middle_east","1961",63180155,89132689,25952534,0.7088325922715066,0.2911674077284934
"middle_east","1962",64483239,91322476,26839237,0.7061048038163136,0.2938951961836865
"middle_east","1963",65824876,93649115,27824239,0.7028883935528916,0.29711160644710843
"middle_east","1964",67501421,96192246,28690825,0.70173453481895,0.29826546518105
"middle_east","1965",68699091,99602751,30903660,0.6897308589398299,0.3102691410601701
"middle_east","1966",69712780,102315695,32602915,0.6813498163698151,0.318650183630185
"middle_east","1967",70992101,105774108,34782007,0.6711670969610067,0.32883290303899326
"middle_east","1968",72198868,108638241,36439373,0.6645806056451153,0.33541939435488466
"middle_east","1969",73525050,111807474,38282424,0.657604070368319,0.342395929631681
"middle_east","1970",74839211,114995976,40156765,0.6507985201151735,0.3492014798848266
"middle_east","1971",76612517,118687264,42074747,0.645499057085013,0.35450094291498707
"middle_east","1972",78287101,122399389,44112288,0.6396036911589486,0.3603963088410515
"middle_east","1973",79683894,125709953,46026059,0.63387100303824,0.36612899696176004
"middle_east","1974",81243385,129342156,48098771,0.6281276539104543,0.3718723460895456
"middle_east","1975",73535741,140747937,67212196,0.5224640770400777,0.4775359229599223
"middle_east","1976",72745276,142592671,69847395,0.5101613953216432,0.4898386046783569
"middle_east","1977",73149024,145784913,72635889,0.5017599043324874,0.4982400956675126
"middle_east","1978",72930004,148358168,75428164,0.49158064556310777,0.5084193544368922
"middle_east","1979",72099854,150311623,78211769,0.47966918699294464,0.5203308130070553
"middle_east","1980",70078629,153589568,83510939,0.45627206269634146,0.5437279373036585
"middle_east","1981",69862581,155622302,85759721,0.4489239659235988,0.5510760340764012
"middle_east","1982",69735714,159040383,89304669,0.43847803107969124,0.5615219689203087
"middle_east","1983",68871553,161779540,92907987,0.425712379946191,0.5742876200538091
"middle_east","1984",68200294,164700074,96499780,0.41408781637827313,0.5859121836217268
"middle_east","1985",77288151,178834244,101546093,0.43217758115721955,0.5678224188427805
"middle_east","1986",76173017,182014539,105841522,0.41849962875767854,0.5815003712423215
"middle_east","1987",75110093,185205621,110095528,0.4055497484063942,0.5944502515936058
"middle_east","1988",73721019,188457407,114736388,0.39118132937062006,0.6088186706293799
"middle_east","1989",79779155,191739398,111960243,0.41608118014431233,0.5839188198556877
"middle_east","1990",88983812,204890700,115906888,0.43429893108862433,0.5657010689113757
"middle_east","1991",88296003,208263943,119967940,0.423962024957916,0.576037975042084
"middle_east","1992",88029433,211494221,123464788,0.4162261861519138,0.5837738138480861
"middle_east","1993",87536000,214715123,127179123,0.4076843716313359,0.5923156283686641
"middle_east","1994",87333786,218346003,131012217,0.3999788629059539,0.6000211370940461
"middle_east","1995",93735816,228440367,134704551,0.4103294756132133,0.5896705243867867
"middle_east","1996",93837761,232144826,138307065,0.4042207729411122,0.5957792270588878
"middle_east","1997",93091395,234673931,141582536,0.39668400577480417,0.6033159942251958
"middle_east","1998",93115155,237934028,144818873,0.39134862626710964,0.6086513737328904
"middle_east","1999",93860529,241990458,148129929,0.38786871918726645,0.6121312808127335
"middle_east","2000",100865323,251228869,150363546,0.40148778841176885,0.5985122115882311
"middle_east","2001",102681934,255536027,152854093,0.4018295784179191,0.5981704215820809
"middle_east","2002",101917923,257578482,155660559,0.39567716297046895,0.604322837029531
"middle_east","2003",102096284,260800862,158704578,0.3914721876954532,0.6085278123045468
"middle_east","2004",102402322,264140562,161738240,0.3876811695433585,0.6123188304566415
"middle_east","2005",107743666,275356556,167612890,0.3912878181117286,0.6087121818882715
"middle_east","2006",109813952,278678591,168864639,0.3940523439778695,0.6059476560221305
"middle_east","2007",108763236,282061603,173298367,0.3856009993675034,0.6143990006324965
"middle_east","2008",107811277,285543343,177732066,0.37756536667009605,0.622434633329904
"middle_east","2009",106618449,288784240,182165791,0.3691976023345318,0.6308023976654682
"middle_east","2010",122131158,308070001,185938843,0.3964396325626006,0.6035603674373994
"middle_east","2011",119344253,311443130,192098877,0.38319757767654083,0.6168024223234592
"middle_east","2012",119035279,315276800,196241521,0.3775580029992692,0.6224419970007308
"middle_east","2013",118604047,318988206,200384159,0.3718132669770242,0.6281867330229758
"middle_east","2014",118305419,322832225,204526806,0.36646099688468214,0.6335390031153179
"middle_east","2015",128567020,338767683,210200663,0.37951382747450557,0.6204861725254944
"middle_east","2016",134716253,346707243,211990990,0.3885590962401671,0.611440903759833
"middle_east","2017",134092322,350117072,216024750,0.38299281218711895,0.6170071878128811
"middle_east","2018",137763229,357821729,220058500,0.38500520743948446,0.6149947925605155
"middle_east","2019",137480423,361572689,224092266,0.38022900286033495,0.6197709971396651
"middle_east","2020",148851388,373034549,224183161,0.3990284235040117,0.6009715764959883
"middle_east","2021",148071620,376554394,228482774,0.3932277045743357,0.6067722954256644
"middle_east","2022",148712754,379803822,231091068,0.39155149418164625,0.6084485058183537
"middle_east","2023",149096695,382795512,233698817,0.38949436533623727,0.6105056346637627
"middle_east","2024",149548841,385855562,236306721,0.38757725876710314,0.6124227412328969
"middle_east","2025",155874498,395754515,239880017,0.39386663219748735,0.6061333678025126
"middle_east","-1000",10178666,10571332,392666,0.9628555795996191,0.037144420400380955
"middle_east","-10000",380461,380461,0,1,0
"middle_east","-2000",7214499,7733456,518957,0.9328945558104941,0.06710544418950595
"middle_east","-3000",4153074,4295074,142000,0.9669388699705755,0.03306113002942441
"middle_east","-4000",1788302,1788302,0,1,0
"middle_east","-5000",1183169,1183169,0,1,0
"middle_east","-6000",646146,646146,0,1,0
"middle_east","-7000",477142,477142,0,1,0
"middle_east","-8000",449759,449759,0,1,0
"middle_east","-9000",424566,424566,0,1,0
"maghreb_egypt","0",8017893,9785267,1767374,0.8193841823631384,0.18061581763686163
"maghreb_egypt","100",9404059,10766221,1362162,0.873478168430687,0.12652183156931296
"maghreb_egypt","200",9210072,10636527,1426455,0.8658909059319833,0.13410909406801674
"maghreb_egypt","300",8200412,9659658,1459246,0.8489339891743579,0.15106601082564206
"maghreb_egypt","400",7165596,8143931,978335,0.8798694389724078,0.1201305610275922
"maghreb_egypt","500",6347597,7358724,1011127,0.8625947922493085,0.13740520775069157
"maghreb_egypt","600",5974858,7018776,1043918,0.8512677993997814,0.1487322006002186
"maghreb_egypt","700",6529514,7625426,1095912,0.8562818654328296,0.14371813456717042
"maghreb_egypt","800",7448135,8629397,1181262,0.8631118721273341,0.13688812787266597
"maghreb_egypt","900",8079596,9379279,1299683,0.861430393530249,0.13856960646975103
"maghreb_egypt","1000",8492563,9899854,1407291,0.8578472975460042,0.14215270245399578
"maghreb_egypt","1100",6178122,8014493,1836371,0.7708687249461694,0.2291312750538306
"maghreb_egypt","1200",5658516,7808583,2150067,0.7246533718089441,0.27534662819105593
"maghreb_egypt","1300",6987024,9388756,2401732,0.7441906041652376,0.25580939583476237
"maghreb_egypt","1400",5050416,7301500,2251084,0.6916956789700747,0.30830432102992533
"maghreb_egypt","1500",5124518,7501231,2376713,0.683156937841269,0.31684306215873104
"maghreb_egypt","1600",10797770,13188272,2390502,0.8187403171545142,0.18125968284548574
"maghreb_egypt","1700",11215430,13405300,2189870,0.8366414776245217,0.16335852237547835
"maghreb_egypt","1710",11472375,13689893,2217518,0.838017872016969,0.161982127983031
"maghreb_egypt","1720",11303166,13576736,2273570,0.8325392789548239,0.1674607210451761
"maghreb_egypt","1730",10899336,13211318,2311982,0.8249998978148887,0.17500010218511128
"maghreb_egypt","1740",10500711,12817313,2316602,0.8192599338098399,0.18074006619016014
"maghreb_egypt","1750",10105082,12436898,2331816,0.8125082315542027,0.18749176844579735
"maghreb_egypt","1760",9947442,12294471,2347029,0.8090988217386499,0.19090117826135017
"maghreb_egypt","1770",9858517,12211254,2352737,0.8073304346957323,0.19266956530426768
"maghreb_egypt","1780",9850408,12012947,2162539,0.8199826403962325,0.1800173596037675
"maghreb_egypt","1790",9926647,12102844,2176197,0.8201912707459503,0.1798087292540497
"maghreb_egypt","1800",9999712,12154107,2154395,0.8227434561831651,0.17725654381683492
"maghreb_egypt","1810",10270579,12443998,2173419,0.8253439931443255,0.1746560068556745
"maghreb_egypt","1820",10841611,13064920,2223309,0.8298260532785505,0.1701739467214495
"maghreb_egypt","1830",11672029,13920412,2248383,0.8384830132901239,0.1615169867098761
"maghreb_egypt","1840",12713027,15043185,2330158,0.8451020844322529,0.15489791556774712
"maghreb_egypt","1850",13564309,15961183,2396874,0.8498310557557043,0.15016894424429567
"maghreb_egypt","1860",13837005,16327878,2490873,0.8474466185991836,0.15255338140081645
"maghreb_egypt","1870",15919619,18617213,2697594,0.8551021573422403,0.1448978426577598
"maghreb_egypt","1880",17270245,20042571,2772326,0.8616781250269738,0.13832187497302617
"maghreb_egypt","1890",19540742,23030412,3489670,0.8484755722129504,0.15152442778704958
"maghreb_egypt","1900",21090041,25307751,4217710,0.8333431524594975,0.1666568475405025
"maghreb_egypt","1910",22655468,28066260,5410792,0.8072136437131274,0.19278635628687257
"maghreb_egypt","1920",24412277,30778141,6365864,0.7931693145469702,0.2068306854530298
"maghreb_egypt","1930",26011415,33710656,7699241,0.7716080932984514,0.2283919067015486
"maghreb_egypt","1940",28326005,38637936,10311931,0.7331138236783663,0.26688617632163375
"maghreb_egypt","1950",32064759,46298157,14233398,0.6925709591420669,0.30742904085793304
"maghreb_egypt","1951",32717164,47333392,14616228,0.6912068334337839,0.3087931665662161
"maghreb_egypt","1952",33269228,48452696,15183468,0.6866331648501045,0.3133668351498955
"maghreb_egypt","1953",33885233,49484739,15599506,0.6847612755924609,0.3152387244075391
"maghreb_egypt","1954",34489259,51044906,16555647,0.6756650506908564,0.3243349493091436
"maghreb_egypt","1955",35259847,52082437,16822590,0.6770007133114758,0.3229992866885242
"maghreb_egypt","1956",35975806,53009467,17033661,0.6786675670592953,0.32133243294070474
"maghreb_egypt","1957",36843165,54689979,17846814,0.6736730507795587,0.32632694922044125
"maghreb_egypt","1958",37677100,56005106,18328006,0.6727440173044222,0.3272559826955778
"maghreb_egypt","1959",38621004,57801215,19180211,0.6681694147778727,0.3318305852221273
"maghreb_egypt","1960",39401447,59934731,20533284,0.6574059204503646,0.34259407954963544
"maghreb_egypt","1961",40289768,60789350,20499582,0.6627767528358175,0.33722324716418256
"maghreb_egypt","1962",41124870,62173580,21048710,0.6614525012071044,0.33854749879289564
"maghreb_egypt","1963",41988917,63600734,21611817,0.6601954782471535,0.3398045217528464
"maghreb_egypt","1964",43074255,65558561,22484306,0.6570347845188366,0.3429652154811635
"maghreb_egypt","1965",43974145,66482273,22508128,0.6614416597940326,0.33855834020596737
"maghreb_egypt","1966",44787196,68185040,23397844,0.6568478364169031,0.3431521635830968
"maghreb_egypt","1967",45634312,69803539,24169227,0.6537535582544031,0.3462464417455969
"maghreb_egypt","1968",46440844,71407773,24966929,0.6503611868696704,0.3496388131303297
"maghreb_egypt","1969",47268070,73011265,25743195,0.6474079034242182,0.35259209657578183
"maghreb_egypt","1970",48091619,74436490,26344871,0.6460758560754275,0.3539241439245725
"maghreb_egypt","1971",48924234,76507095,27582861,0.6394731625870778,0.3605268374129223
"maghreb_egypt","1972",49939034,78073603,28134569,0.6396404428779853,0.36035955712201473
"maghreb_egypt","1973",50668941,80512420,29843479,0.6293307417663014,0.3706692582336986
"maghreb_egypt","1974",51523395,82409389,30885994,0.6252126805599785,0.3747873194400216
"maghreb_egypt","1975",42894834,83947682,41052848,0.5109710355075677,0.4890289644924323
"maghreb_egypt","1976",43892762,85049157,41156395,0.5160869730901624,0.48391302690983756
"maghreb_egypt","1977",44569934,86953575,42383641,0.51257161077046,0.48742838922954
"maghreb_egypt","1978",44712517,88487206,43774689,0.5052992293597789,0.49470077064022117
"maghreb_egypt","1979",44508665,89651817,45143152,0.49646138237220555,0.5035386176277944
"maghreb_egypt","1980",43096786,91607653,48510867,0.4704496249893008,0.5295503750106991
"maghreb_egypt","1981",43257972,92819327,49561355,0.46604487877831735,0.5339551212216826
"maghreb_egypt","1982",43660987,94858740,51197753,0.460273739668058,0.539726260331942
"maghreb_egypt","1983",43891194,96493497,52602303,0.45486167839890806,0.545138321601092
"maghreb_egypt","1984",43858112,98233557,54375445,0.44646771774740884,0.5535322822525911
"maghreb_egypt","1985",49291268,105257058,55965790,0.46829418317962107,0.5317058168203789
"maghreb_egypt","1986",49819267,107129447,57310180,0.465038030113233,0.534961969886767
"maghreb_egypt","1987",48861625,109007256,60145631,0.4482419500588108,0.5517580499411893
"maghreb_egypt","1988",49299546,110921904,61622358,0.44445275659891303,0.555547243401087
"maghreb_egypt","1989",53757059,112852512,59095453,0.4763479168279391,0.5236520831720609
"maghreb_egypt","1990",57709649,119159470,61449821,0.4843060228448482,0.5156939771551519
"maghreb_egypt","1991",58376410,121122181,62745771,0.48196300230095757,0.5180369976990424
"maghreb_egypt","1992",58527000,123000618,64473618,0.47582687755276154,0.5241731224472385
"maghreb_egypt","1993",58665997,124873830,66207833,0.4698021755238868,0.5301978244761132
"maghreb_egypt","1994",59407501,126984864,67577363,0.4678313550818151,0.5321686449181849
"maghreb_egypt","1995",62809408,132148174,69338766,0.4752953150907708,0.5247046849092293
"maghreb_egypt","1996",62731250,134292166,71560916,0.4671251635035807,0.5328748364964193
"maghreb_egypt","1997",62658976,135754248,73095272,0.4615618068909343,0.5384381931090657
"maghreb_egypt","1998",63565263,137639803,74074540,0.4618232634349237,0.5381767365650764
"maghreb_egypt","1999",64542811,139985780,75442969,0.4610669097961236,0.5389330902038765
"maghreb_egypt","2000",65491163,144218059,78726896,0.4541120817608563,0.5458879182391437
"maghreb_egypt","2001",66804271,146691092,79886821,0.4554078239461194,0.5445921760538807
"maghreb_egypt","2002",66379151,147862654,81483503,0.4489243849227811,0.5510756150772189
"maghreb_egypt","2003",66706172,149713560,83007388,0.4455586521354512,0.5544413478645488
"maghreb_egypt","2004",67098227,151629475,84531248,0.4425144055929759,0.557485594407024
"maghreb_egypt","2005",69671380,156738078,87066698,0.44450832171107774,0.5554916782889222
"maghreb_egypt","2006",70145485,158628271,88482786,0.4422004007091523,0.5577995992908478
"maghreb_egypt","2007",70396389,160553720,90157331,0.4384600306987593,0.5615399693012407
"maghreb_egypt","2008",70705387,162537269,91831882,0.4350103052365178,0.5649896947634823
"maghreb_egypt","2009",70875872,164382299,93506427,0.4311648664799365,0.5688351335200635
"maghreb_egypt","2010",73971264,170442824,96471560,0.4339945928143035,0.5660054071856965
"maghreb_egypt","2011",74474724,172308863,97834139,0.43221644379372404,0.567783556206276
"maghreb_egypt","2012",74586836,174431248,99844412,0.4276001969555363,0.5723998030444637
"maghreb_egypt","2013",74629277,176483956,101854679,0.4228672038607294,0.5771327961392706
"maghreb_egypt","2014",74746267,178611228,103864961,0.4184858244186082,0.5815141755813917
"maghreb_egypt","2015",78690629,186221206,107530577,0.42256534951234287,0.5774346504876572
"maghreb_egypt","2016",81191172,190586788,109395616,0.42600629798115913,0.5739937020188409
"maghreb_egypt","2017",80856319,192460387,111604068,0.42011927888308775,0.5798807211169122
"maghreb_egypt","2018",82881595,196694138,113812543,0.4213729796055234,0.5786270203944767
"maghreb_egypt","2019",82736726,198757731,116021005,0.4162692217491656,0.5837307782508344
"maghreb_egypt","2020",88848868,206800212,117951344,0.429636252016995,0.5703637479830049
"maghreb_egypt","2021",86854988,208751368,121896380,0.4160690721796851,0.583930927820315
"maghreb_egypt","2022",86506594,210553704,124047110,0.4108528720064692,0.5891471279935309
"maghreb_egypt","2023",86015794,212211588,126195794,0.40533033474119234,0.5946696652588076
"maghreb_egypt","2024",85563264,213908299,128345035,0.39999974007553585,0.6000002599244642
"maghreb_egypt","2025",93889763,221678774,127789011,0.423539707053775,0.576460292946225
"maghreb_egypt","-1000",3735166,4186166,451000,0.892264186370058,0.10773581362994206
"maghreb_egypt","-10000",78935,78935,0,1,0
"maghreb_egypt","-2000",2412800,2459467,46667,0.9810255636688763,0.018974436331123775
"maghreb_egypt","-3000",1450864,1450864,0,1,0
"maghreb_egypt","-4000",529828,529828,0,1,0
"maghreb_egypt","-5000",266248,266248,0,1,0
"maghreb_egypt","-6000",185066,185066,0,1,0
"maghreb_egypt","-7000",140144,140144,0,1,0
"maghreb_egypt","-8000",119177,119177,0,1,0
"maghreb_egypt","-9000",97819,97819,0,1,0
"sub_saharan_africa","0",7460578,7460578,0,1,0
"sub_saharan_africa","100",9160772,9160772,0,1,0
"sub_saharan_africa","200",10793336,10793336,0,1,0
"sub_saharan_africa","300",12712236,12712236,0,1,0
"sub_saharan_africa","400",14969974,14969974,0,1,0
"sub_saharan_africa","500",17547259,17547259,0,1,0
"sub_saharan_africa","600",20226607,20226607,0,1,0
"sub_saharan_africa","700",22415187,22415187,0,1,0
"sub_saharan_africa","800",25060005,25182005,122000,0.9951552705989852,0.004844729401014733
"sub_saharan_africa","900",25646738,25773238,126500,0.995091808021949,0.004908191978051031
"sub_saharan_africa","1000",27913249,28101586,188337,0.9932979939281719,0.006702006071828117
"sub_saharan_africa","1100",30408748,30755498,346750,0.988725593063068,0.011274406936932057
"sub_saharan_africa","1200",33798232,34194899,396667,0.9883998195169402,0.01160018048305977
"sub_saharan_africa","1300",39588688,40033634,444946,0.98888569546297,0.011114304537030039
"sub_saharan_africa","1400",46851672,47337890,486218,0.9897287775183896,0.010271222481610397
"sub_saharan_africa","1500",51750110,52338310,588200,0.9887615782779383,0.011238421722061718
"sub_saharan_africa","1600",57221197,58223449,1002252,0.9827861107987608,0.017213889201239178
"sub_saharan_africa","1700",83387646,84578230,1190584,0.9859232807307506,0.01407671926924931
"sub_saharan_africa","1710",83920502,85052853,1132351,0.9866865018625536,0.013313498137446372
"sub_saharan_africa","1720",81897099,83042259,1145160,0.9862099127144409,0.01379008728555903
"sub_saharan_africa","1730",78328006,79535973,1207967,0.984812318823333,0.015187681176667066
"sub_saharan_africa","1740",74918501,76138444,1219943,0.9839773058666658,0.01602269413333427
"sub_saharan_africa","1750",71838233,73078136,1239903,0.9830331879291503,0.016966812070849754
"sub_saharan_africa","1760",70616065,71774018,1157953,0.9838666827876349,0.016133317212365064
"sub_saharan_africa","1770",70159720,71320720,1161000,0.983721420647464,0.01627857935253598
"sub_saharan_africa","1780",70557047,71721095,1164048,0.9837697960411786,0.01623020395882132
"sub_saharan_africa","1790",71458464,72625560,1167096,0.9839299552388994,0.016070044761100636
"sub_saharan_africa","1800",72421771,73710120,1288349,0.9825214095432214,0.017478590456778527
"sub_saharan_africa","1810",71256834,72453987,1197153,0.9834770583432489,0.016522941656751063
"sub_saharan_africa","1820",72377445,73662729,1285284,0.982551773231209,0.01744822676879104
"sub_saharan_africa","1830",71896345,73181168,1284823,0.9824432564399628,0.017556743560037193
"sub_saharan_africa","1840",73259842,74331005,1071163,0.985589284041027,0.014410715958972975
"sub_saharan_africa","1850",73863365,75400214,1536849,0.9796174451175961,0.020382554882403914
"sub_saharan_africa","1860",76013507,77605702,1592195,0.9794835307333474,0.0205164692666526
"sub_saharan_africa","1870",82565229,84266981,1701752,0.9798052335588004,0.02019476644119955
"sub_saharan_africa","1880",85824901,87722653,1897752,0.9783664545576386,0.021633545442361395
"sub_saharan_africa","1890",87419531,89674446,2254915,0.9748544306590977,0.025145569340902313
"sub_saharan_africa","1900",89871481,93019748,3148267,0.96615485348337,0.033845146516629995
"sub_saharan_africa","1910",94234815,97793086,3558271,0.9636142886420416,0.03638571135795837
"sub_saharan_africa","1920",100543834,105052314,4508480,0.9570834774758031,0.04291652252419685
"sub_saharan_africa","1930",108348226,114681507,6333281,0.944775045552898,0.05522495444710192
"sub_saharan_africa","1940",120091738,129466987,9375249,0.9275857945160955,0.07241420548390455
"sub_saharan_africa","1950",149153274,162409518,13256244,0.918377665525736,0.08162233447426401
"sub_saharan_africa","1951",151817935,165917618,14099683,0.9150199769623019,0.08498002303769814
"sub_saharan_africa","1952",153580841,169254715,15673874,0.9073947570677721,0.09260524293222791
"sub_saharan_africa","1953",155936547,172499551,16563004,0.9039823355830068,0.09601766441699318
"sub_saharan_africa","1954",158401464,175714380,17312916,0.9014712626251762,0.09852873737482384
"sub_saharan_africa","1955",161239722,179495566,18255844,0.8982936213588697,0.10170637864113033
"sub_saharan_africa","1956",164216479,183183839,18967360,0.8964572415146295,0.10354275848537053
"sub_saharan_africa","1957",167556575,187600559,20043984,0.8931560539752976,0.10684394602470242
"sub_saharan_africa","1958",170629108,191791018,21161910,0.8896616211714357,0.11033837882856433
"sub_saharan_africa","1959",174187781,196770289,22582508,0.8852341574799435,0.11476584252005648
"sub_saharan_africa","1960",176654579,202109061,25454482,0.8740557109411339,0.1259442890588661
"sub_saharan_africa","1961",180028201,206611968,26583767,0.8713348154159202,0.12866518458407986
"sub_saharan_africa","1962",183330480,211454639,28124159,0.8669967273690317,0.1330032726309684
"sub_saharan_africa","1963",186261579,218825924,32564345,0.8511860733648724,0.14881392663512757
"sub_saharan_africa","1964",191321620,224374588,33052968,0.8526884515103823,0.14731154848961772
"sub_saharan_africa","1965",195161663,230287442,35125779,0.8474698459675452,0.1525301540324548
"sub_saharan_africa","1966",198504305,235457619,36953314,0.8430574718416736,0.15694252815832643
"sub_saharan_africa","1967",202154389,241201706,39047317,0.8381134294298896,0.1618865705701103
"sub_saharan_africa","1968",205820952,246826012,41005060,0.8338705889717977,0.16612941102820233
"sub_saharan_africa","1969",209646003,252951540,43305537,0.8287990774833789,0.17120092251662117
"sub_saharan_africa","1970",213018018,259649822,46631804,0.8204050222688002,0.17959497773119984
"sub_saharan_africa","1971",218331451,266540806,48209355,0.819129551968114,0.18087044803188598
"sub_saharan_africa","1972",222871407,273722563,50851156,0.814223732809341,0.18577626719065904
"sub_saharan_africa","1973",226805846,280248419,53442573,0.809302856406123,0.19069714359387696
"sub_saharan_africa","1974",231477221,287479223,56002002,0.8051963497897725,0.19480365021022755
"sub_saharan_africa","1975",260419846,355196680,94776834,0.7331708336913509,0.26682916630864906
"sub_saharan_africa","1976",261934396,359847961,97913565,0.7279029601059765,0.27209703989402345
"sub_saharan_africa","1977",265932374,367900978,101968604,0.7228368226843909,0.2771631773156091
"sub_saharan_africa","1978",268369368,374400942,106031574,0.7167967221620932,0.2832032778379067
"sub_saharan_africa","1979",268839571,379331734,110492163,0.7087189045986857,0.29128109540131436
"sub_saharan_africa","1980",269660847,387601923,117941076,0.6957159678487973,0.3042840321512027
"sub_saharan_africa","1981",271007027,392735407,121728380,0.6900498966216204,0.30995010337837964
"sub_saharan_africa","1982",274763229,401358025,126594796,0.6845838674834022,0.3154161325165979
"sub_saharan_africa","1983",276909121,408266645,131357524,0.6782555577127786,0.3217444422872214
"sub_saharan_africa","1984",278666972,415644118,136977146,0.6704460858026625,0.3295539141973374
"sub_saharan_africa","1985",299370491,446295456,146924965,0.6707899150109204,0.3292100849890795
"sub_saharan_africa","1986",303037825,454229776,151191951,0.6671465434709855,0.3328534565290145
"sub_saharan_africa","1987",305339933,462195595,156855662,0.6606292580525351,0.3393707419474649
"sub_saharan_africa","1988",307700750,470306535,162605785,0.6542557398229646,0.3457442601770354
"sub_saharan_africa","1989",333339962,478501931,145161969,0.6966324280099927,0.3033675719900073
"sub_saharan_africa","1990",361834398,512531108,150696710,0.7059754858821174,0.29402451411788255
"sub_saharan_africa","1991",364138139,520965120,156826981,0.698968366634603,0.3010316333653969
"sub_saharan_africa","1992",366152168,529045998,162893830,0.6920989278516383,0.30790107214836165
"sub_saharan_africa","1993",368864232,537102870,168238638,0.6867664512758981,0.313233548724102
"sub_saharan_africa","1994",372759248,546189184,173429936,0.682472774854509,0.317527225145491
"sub_saharan_africa","1995",401748396,583756532,182008136,0.6882122494177075,0.3117877505822924
"sub_saharan_africa","1996",406196030,593218886,187022856,0.6847321276956109,0.3152678723043892
"sub_saharan_africa","1997",406991999,599685106,192693107,0.6786761834301751,0.3213238165698249
"sub_saharan_africa","1998",409932299,608017793,198085494,0.6742110242816529,0.3257889757183471
"sub_saharan_africa","1999",414913616,618385277,203471661,0.6709629601999726,0.32903703980002746
"sub_saharan_africa","2000",449996532,663406536,213410004,0.6783118760228796,0.32168812397712043
"sub_saharan_africa","2001",456727528,674778377,218050849,0.6768556070669703,0.3231443929330296
"sub_saharan_africa","2002",456343811,680174591,223830780,0.6709215796036697,0.3290784203963303
"sub_saharan_africa","2003",459174488,688679933,229505445,0.6667458510076842,0.3332541489923157
"sub_saharan_africa","2004",462323703,697503826,235180123,0.662826045917632,0.337173954082368
"sub_saharan_africa","2005",507384439,756640311,249255872,0.6705754790270486,0.32942452097295144
"sub_saharan_africa","2006",512598059,765771159,253173100,0.6693880449472503,0.33061195505274965
"sub_saharan_africa","2007",514501115,775067547,260566432,0.663814550088497,0.336185449911503
"sub_saharan_africa","2008",516670514,784630287,267959773,0.658489128651237,0.341510871348763
"sub_saharan_africa","2009",518182264,793535345,275353081,0.6530046421561726,0.34699535784382735
"sub_saharan_africa","2010",575631358,865894093,290262735,0.664782636414174,0.335217363585826
"sub_saharan_africa","2011",579611944,875374860,295762916,0.6621299862324125,0.3378700137675875
"sub_saharan_africa","2012",581433117,886148197,304715080,0.6561353044201929,0.3438646955798072
"sub_saharan_africa","2013",582913057,896580311,313667254,0.6501515255781699,0.34984847442183015
"sub_saharan_africa","2014",584764867,907384296,322619429,0.6444511653748083,0.3555488346251917
"sub_saharan_africa","2015",649250824,989019850,339769026,0.6564588405379326,0.3435411594620674
"sub_saharan_africa","2016",665126444,1012197248,347070804,0.6571114921663964,0.3428885078336036
"sub_saharan_africa","2017",664832007,1022153113,357321106,0.6504231103388519,0.3495768896611481
"sub_saharan_africa","2018",677077751,1044649124,367571373,0.6481389161630121,0.35186108383698794
"sub_saharan_africa","2019",677775556,1055597224,377821668,0.6420778120576035,0.3579221879423965
"sub_saharan_africa","2020",754695573,1151998460,397302887,0.6551185606619647,0.3448814393380352
"sub_saharan_africa","2021",758381969,1162868436,404486467,0.6521648928821729,0.34783510711782706
"sub_saharan_africa","2022",757317311,1172902726,415585415,0.6456778505261995,0.3543221494738004
"sub_saharan_africa","2023",755460436,1182141967,426681531,0.6390606687597615,0.3609393312402384
"sub_saharan_africa","2024",753814116,1191592559,437778443,0.632610627102783,0.36738937289721696
"sub_saharan_africa","2025",847907516,1304960809,457053293,0.6497570732792789,0.35024292672072116
"sub_saharan_africa","-1000",3731865,3731865,0,1,0
"sub_saharan_africa","-10000",371117,371117,0,1,0
"sub_saharan_africa","-2000",2654763,2654763,0,1,0
"sub_saharan_africa","-3000",1707749,1707749,0,1,0
"sub_saharan_africa","-4000",1065989,1065989,0,1,0
"sub_saharan_africa","-5000",743184,743184,0,1,0
"sub_saharan_africa","-6000",516857,516857,0,1,0
"sub_saharan_africa","-7000",426942,426942,0,1,0
"sub_saharan_africa","-8000",461913,461913,0,1,0
"sub_saharan_africa","-9000",395444,395444,0,1,0
"oceania","0",90300,90300,0,1,0
"oceania","100",129820,129820,0,1,0
"oceania","200",152878,152878,0,1,0
"oceania","300",155203,155203,0,1,0
"oceania","400",166283,166283,0,1,0
"oceania","500",180457,180457,0,1,0
"oceania","600",190284,190284,0,1,0
"oceania","700",193997,193997,0,1,0
"oceania","800",198987,198987,0,1,0
"oceania","900",193698,193698,0,1,0
"oceania","1000",208277,208277,0,1,0
"oceania","1100",173117,173117,0,1,0
"oceania","1200",185481,185481,0,1,0
"oceania","1300",201379,201379,0,1,0
"oceania","1400",247331,247331,0,1,0
"oceania","1500",252766,252766,0,1,0
"oceania","1600",201749,201749,0,1,0
"oceania","1700",260677,260677,0,1,0
"oceania","1710",256241,256241,0,1,0
"oceania","1720",247828,247828,0,1,0
"oceania","1730",240826,240826,0,1,0
"oceania","1740",236460,236460,0,1,0
"oceania","1750",233407,233407,0,1,0
"oceania","1760",240266,240266,0,1,0
"oceania","1770",253785,253785,0,1,0
"oceania","1780",278707,278707,0,1,0
"oceania","1790",312236,312236,0,1,0
"oceania","1800",344752,346752,2000,0.9942321889996308,0.00576781100036914
"oceania","1810",830178,847178,17000,0.9799333788176747,0.02006662118232532
"oceania","1820",896503,917003,20500,0.9776445660483117,0.02235543395168827
"oceania","1830",959735,1000409,40674,0.9593426288647943,0.0406573711352057
"oceania","1840",1116693,1186324,69631,0.9413052420755207,0.05869475792447931
"oceania","1850",1436536,1578831,142295,0.9098731909875091,0.09012680901249089
"oceania","1860",2172233,2501244,329011,0.8684610537796392,0.13153894622036075
"oceania","1870",2858812,3497965,639153,0.8172786177105832,0.18272138228941684
"oceania","1880",3355586,4356470,1000884,0.7702534391376504,0.22974656086234957
"oceania","1890",4144386,5770216,1625830,0.7182375841736254,0.2817624158263746
"oceania","1900",4560936,6702407,2141471,0.6804922470390115,0.3195077529609885
"oceania","1910",5140884,7912151,2771267,0.6497454358492399,0.35025456415076
"oceania","1920",6067973,9804216,3736243,0.6189146587549683,0.38108534124503174
"oceania","1930",6896683,11746888,4850205,0.5871072406581216,0.41289275934187847
"oceania","1940",7582102,12887835,5305733,0.5883146393478812,0.41168536065211886
"oceania","1950",8555994,15577762,7021768,0.5492441083642182,0.45075589163578184
"oceania","1951",8746299,15968505,7222206,0.5477218437167412,0.45227815628325885
"oceania","1952",8872654,16302798,7430144,0.544241178722818,0.455758821277182
"oceania","1953",9028468,16666559,7638091,0.5417115794568033,0.4582884205431967
"oceania","1954",9144175,17111493,7967318,0.5343879110957764,0.4656120889042236
"oceania","1955",9326457,17490015,8163558,0.5332446541641045,0.4667553458358955
"oceania","1956",9497106,17906909,8409803,0.5303598739458608,0.46964012605413924
"oceania","1957",9721086,17384401,7663315,0.5591844090572923,0.4408155909427078
"oceania","1958",9901573,17768915,7867342,0.5572412834435867,0.44275871655641325
"oceania","1959",10096379,18174969,8078590,0.5555101084353982,0.44448989156460184
"oceania","1960",10305319,18594758,8289439,0.5542055992339346,0.44579440076606536
"oceania","1961",10412679,19082541,8669862,0.5456652235150444,0.4543347764849555
"oceania","1962",10573010,19478044,8905034,0.5428168249337562,0.45718317506624384
"oceania","1963",10722666,19824515,9101849,0.5408791085179133,0.4591208914820867
"oceania","1964",10914467,20277625,9363158,0.5382517429925842,0.4617482570074158
"oceania","1965",11099309,20458597,9359288,0.5425254234197976,0.45747457658020246
"oceania","1966",10774927,20695563,9920636,0.5206394723352054,0.47936052766479464
"oceania","1967",10947143,21162696,10215553,0.5172848960264798,0.4827151039735202
"oceania","1968",11152736,21851572,10698836,0.5103859804685905,0.4896140195314095
"oceania","1969",11309877,22326269,11016392,0.5065726387154074,0.4934273612845926
"oceania","1970",11490358,22806702,11316344,0.5038149750893399,0.49618502491066
"oceania","1971",11547624,23248200,11700576,0.49671045500296795,0.503289544997032
"oceania","1972",11651652,23683713,12032061,0.49196897462826034,0.5080310253717396
"oceania","1973",11725391,24095062,12369671,0.4866304556510375,0.5133695443489624
"oceania","1974",11803861,24506946,12703085,0.4816536911616813,0.5183463088383188
"oceania","1975",6564274,19245859,12681585,0.34107461766190844,0.6589253823380915
"oceania","1976",6201777,19495344,13293567,0.31811580241928533,0.6818841975807146
"oceania","1977",6387091,19933456,13546365,0.32042065359865346,0.6795793464013465
"oceania","1978",6467240,20285907,13818667,0.3188045769903214,0.6811954230096786
"oceania","1979",6479394,20553584,14074190,0.3152439983216552,0.6847560016783447
"oceania","1980",7247481,21000458,13752977,0.34511061615894284,0.6548893838410572
"oceania","1981",6944541,21279552,14335011,0.32634808289197065,0.6736519171080293
"oceania","1982",7057319,21745250,14687931,0.32454531449396995,0.67545468550603
"oceania","1983",7075439,22118685,15043246,0.3198851559213398,0.6801148440786602
"oceania","1984",7197468,22521051,15323583,0.3195884597037678,0.6804115402962322
"oceania","1985",7117313,22477326,15360013,0.3166441150517637,0.6833558849482363
"oceania","1986",7061407,22876089,15814682,0.30868069275303134,0.6913193072469687
"oceania","1987",7198755,23277543,16078788,0.30925751055427114,0.6907424894457289
"oceania","1988",7317611,23684933,16367322,0.30895637323525466,0.6910436267647453
"oceania","1989",7626293,24100652,16474359,0.3164351321283756,0.6835648678716244
"oceania","1990",7311059,24131738,16820679,0.30296446115899317,0.6970355388410068
"oceania","1991",7113633,24528210,17414577,0.29001843183827924,0.7099815681617208
"oceania","1992",7061843,24908639,17846796,0.2835097895151959,0.7164902104848041
"oceania","1993",7169060,25287973,18118913,0.2834968227781641,0.7165031772218359
"oceania","1994",7330684,25715691,18385007,0.2850665766671407,0.7149334233328593
"oceania","1995",7306660,25640014,18333354,0.28497098324517295,0.715029016754827
"oceania","1996",7204052,26055049,18850997,0.2764935118717297,0.7235064881282702
"oceania","1997",7280682,26340011,19059329,0.2764115018782642,0.7235884981217358
"oceania","1998",7419303,26706793,19287490,0.2778058376383866,0.7221941623616134
"oceania","1999",7717245,27162209,19444964,0.2841169876868262,0.7158830123131737
"oceania","2000",7259614,27093624,19834010,0.2679454767660465,0.7320545232339535
"oceania","2001",7756073,27557204,19801131,0.28145355385110915,0.7185464461488908
"oceania","2002",7802477,27779960,19977483,0.2808671070800678,0.7191328929199322
"oceania","2003",7971251,28124141,20152890,0.28343091438774964,0.7165690856122503
"oceania","2004",8157704,28486014,20328310,0.28637576320786756,0.7136242367921325
"oceania","2005",8186320,28740755,20554435,0.28483315765365247,0.7151668423463475
"oceania","2006",8484228,29089177,20604949,0.29166270327964244,0.7083372967203575
"oceania","2007",8579461,29442891,20863430,0.29139329422508137,0.7086067057749187
"oceania","2008",8680864,29802777,21121913,0.2912770175745703,0.7087229824254296
"oceania","2009",8760791,30141179,21380388,0.2906585372788503,0.7093414627211497
"oceania","2010",9298228,30964830,21666602,0.3002835152009554,0.6997164847990446
"oceania","2011",9415155,31304701,21889546,0.3007585026926148,0.6992414973073853
"oceania","2012",9512681,31686669,22173988,0.3002108236747763,0.6997891763252237
"oceania","2013",9602245,32060682,22458437,0.2995022064720894,0.7004977935279106
"oceania","2014",9705092,32447976,22742884,0.2990969914425479,0.7009030085574521
"oceania","2015",10085827,33079878,22994051,0.30489311357194243,0.6951068864280575
"oceania","2016",10608698,33852582,23243884,0.3133792866966543,0.6866207133033456
"oceania","2017",10612878,34187066,23574188,0.31043547287737416,0.6895645271226258
"oceania","2018",11038341,34942840,23904499,0.31589707648262133,0.6841029235173787
"oceania","2019",11070438,35305230,24234792,0.3135636844739434,0.6864363155260567
"oceania","2020",11364198,36308519,24944321,0.31298985232639204,0.6870101476736079
"oceania","2021",11131014,36652499,25521485,0.30369045232086356,0.6963095476791364
"oceania","2022",11224258,36965899,25741641,0.3036381720352588,0.6963618279647412
"oceania","2023",11297983,37259412,25961429,0.3032249408552126,0.6967750591447873
"oceania","2024",11373917,37555247,26181330,0.30285826638285723,0.6971417336171427
"oceania","2025",11621398,38111824,26490426,0.3049289375391742,0.6950710624608258
"oceania","-1000",130857,130857,0,1,0
"oceania","-10000",369765,369765,0,1,0
"oceania","-2000",127341,127341,0,1,0
"oceania","-3000",155985,155985,0,1,0
"oceania","-4000",137669,137669,0,1,0
"oceania","-5000",548845,548845,0,1,0
"oceania","-6000",407562,407562,0,1,0
"oceania","-7000",336997,336997,0,1,0
"oceania","-8000",307943,307943,0,1,0
"oceania","-9000",294336,294336,0,1,0
"indian_subcontinent","0",33432355,33904869,472514,0.9860635355942534,0.01393646440574656
"indian_subcontinent","100",39506517,39965808,459291,0.9885079015542486,0.011492098445751428
"indian_subcontinent","200",43674881,44166874,491993,0.9888605881412391,0.011139411858760934
"indian_subcontinent","300",58416804,58941500,524696,0.9910980209190469,0.008901979080953148
"indian_subcontinent","400",55030419,55560347,529928,0.9904621186041189,0.009537881395881131
"indian_subcontinent","500",54103413,54640636,537223,0.9901680683218987,0.009831931678101258
"indian_subcontinent","600",51463021,52201290,738269,0.9858572652131777,0.014142734786822318
"indian_subcontinent","700",56188756,57096537,907781,0.9841009446860148,0.015899055313985156
"indian_subcontinent","800",62808196,63829581,1021385,0.9839982499650123,0.016001750034987695
"indian_subcontinent","900",64529966,65752344,1222378,0.9814093623795374,0.018590637620462626
"indian_subcontinent","1000",70386906,71606488,1219582,0.9829682751652337,0.01703172483476637
"indian_subcontinent","1100",47656628,49230935,1574307,0.9680219967384328,0.03197800326156714
"indian_subcontinent","1200",47576652,49320481,1743829,0.9646429036245612,0.03535709637543884
"indian_subcontinent","1300",62826017,65020401,2194384,0.966250838717528,0.03374916128247194
"indian_subcontinent","1400",74740524,77561583,2821059,0.963628140493213,0.036371859506787015
"indian_subcontinent","1500",74358272,78077509,3719237,0.9523648096918665,0.04763519030813342
"indian_subcontinent","1600",155216186,160187552,4971366,0.9689653413268966,0.03103465867310339
"indian_subcontinent","1700",219058169,224872989,5814820,0.9741417587507586,0.025858241249241368
"indian_subcontinent","1710",231089344,236820881,5731537,0.975798008284582,0.024201991715418033
"indian_subcontinent","1720",233968773,239845860,5877087,0.9754964000629405,0.024503599937059577
"indian_subcontinent","1730",238546157,244616411,6070254,0.975184600349647,0.024815399650352978
"indian_subcontinent","1740",238412965,244540775,6127810,0.9749415613817368,0.02505843861826315
"indian_subcontinent","1750",227613889,234171458,6557569,0.971996719600217,0.028003280399782966
"indian_subcontinent","1760",228722062,235495750,6773688,0.9712364745435959,0.028763525456404204
"indian_subcontinent","1770",228073527,234926531,6853004,0.9708291610537594,0.0291708389462406
"indian_subcontinent","1780",216212663,223270580,7057917,0.9683885042086602,0.031611495791339816
"indian_subcontinent","1790",218109054,225352451,7243397,0.967857474068476,0.03214252593152404
"indian_subcontinent","1800",230194031,238487168,8293137,0.9652260661672162,0.03477393383278383
"indian_subcontinent","1810",222786247,231198681,8412434,0.9636138322086708,0.03638616779132922
"indian_subcontinent","1820",223859195,231991399,8132204,0.9649460969887078,0.03505390301129224
"indian_subcontinent","1830",227188680,234937747,7749067,0.9670165092712837,0.03298349072871632
"indian_subcontinent","1840",221424547,229623801,8199254,0.9642926649402516,0.03570733505974844
"indian_subcontinent","1850",235124940,244357981,9233041,0.9622151035860785,0.03778489641392151
"indian_subcontinent","1860",245730704,255298267,9567563,0.9625239798435451,0.03747602015645488
"indian_subcontinent","1870",269358302,279635847,10277545,0.963246682747366,0.03675331725263392
"indian_subcontinent","1880",268854192,279299550,10445358,0.962601593880119,0.03739840611988097
"indian_subcontinent","1890",283362431,294631014,11268583,0.9617535749308456,0.03824642506915447
"indian_subcontinent","1900",280938946,297253304,16314358,0.9451163106331696,0.054883689366830385
"indian_subcontinent","1910",261696936,278864873,17167937,0.9384363587449753,0.061563641255024615
"indian_subcontinent","1920",264339347,283435150,19095803,0.9326272588279894,0.0673727411720106
"indian_subcontinent","1930",285531983,307041144,21509161,0.9299469747937104,0.07005302520628962
"indian_subcontinent","1940",317117143,345317060,28199917,0.9183361603970566,0.08166383960294345
"indian_subcontinent","1950",355792060,395975518,40183458,0.8985203474119832,0.10147965258801682
"indian_subcontinent","1951",360426189,404362048,43935859,0.8913452456349217,0.1086547543650783
"indian_subcontinent","1952",364161185,409263883,45102698,0.889795557650026,0.110204442349974
"indian_subcontinent","1953",368744448,415057176,46312728,0.8884184380418952,0.11158156195810479
"indian_subcontinent","1954",373651618,421174355,47522737,0.8871661191242283,0.11283388087577174
"indian_subcontinent","1955",379475072,428207833,48732761,0.8861936722208442,0.11380632777915578
"indian_subcontinent","1956",385581620,435524393,49942773,0.8853272656992143,0.11467273430078577
"indian_subcontinent","1957",392517781,443670570,51152789,0.884705471900018,0.11529452809998193
"indian_subcontinent","1958",398894970,451257768,52362798,0.8839625559642443,0.11603744403575564
"indian_subcontinent","1959",406234593,459807426,53572833,0.8834885433103031,0.11651145668969687
"indian_subcontinent","1960",411751974,466605994,54854020,0.8824403871674225,0.11755961283257754
"indian_subcontinent","1961",417983925,476258084,58274159,0.8776416380997325,0.1223583619002675
"indian_subcontinent","1962",424541695,485514139,60972444,0.8744167489631028,0.1255832510368972
"indian_subcontinent","1963",431633509,495122399,63488890,0.8717713233571563,0.12822867664284363
"indian_subcontinent","1964",441441743,507546942,66105199,0.8697554974136756,0.13024450258632433
"indian_subcontinent","1965",449060645,517773411,68712766,0.8672918219819519,0.13270817801804813
"indian_subcontinent","1966",455948099,527378220,71430121,0.864556179434183,0.13544382056581708
"indian_subcontinent","1967",463197948,537231487,74033539,0.8621943411890897,0.1378056588109103
"indian_subcontinent","1968",470367024,547507942,77140918,0.8591053899269282,0.14089461007307177
"indian_subcontinent","1969",477902458,558798513,80896055,0.8552321577133474,0.14476784228665263
"indian_subcontinent","1970",484538658,568877822,84339164,0.8517446791940502,0.14825532080594978
"indian_subcontinent","1971",494334889,582599826,88264937,0.8484981748003474,0.15150182519965258
"indian_subcontinent","1972",503043646,594229529,91185883,0.846547708335107,0.15345229166489302
"indian_subcontinent","1973",509874363,604242189,94367826,0.843824499980421,0.15617550001957908
"indian_subcontinent","1974",517623401,614579142,96955741,0.8422404302813128,0.15775956971868726
"indian_subcontinent","1975",510049946,743773731,233723785,0.6857595593141484,0.31424044068585155
"indian_subcontinent","1976",514843925,753544075,238700150,0.6832300088087083,0.3167699911912916
"indian_subcontinent","1977",525701653,770416283,244714630,0.6823605167753185,0.31763948322468155
"indian_subcontinent","1978",533267072,783996151,250729079,0.680190931192467,0.31980906880753296
"indian_subcontinent","1979",537553742,794312194,256758452,0.6767537324247599,0.32324626757524005
"indian_subcontinent","1980",543152954,811646733,268493779,0.6691987189949054,0.3308012810050946
"indian_subcontinent","1981",544031152,822376087,278344935,0.6615357141336723,0.3384642858663277
"indian_subcontinent","1982",554630819,840452493,285821674,0.6599192977823674,0.34008070221763265
"indian_subcontinent","1983",561986835,854942561,292955726,0.6573387039506623,0.34266129604933776
"indian_subcontinent","1984",570255438,870345180,300089742,0.6552060620362142,0.3447939379637858
"indian_subcontinent","1985",598336576,907642041,309305465,0.6592208700918912,0.34077912990810877
"indian_subcontinent","1986",609269684,923791994,314522310,0.6595312450824292,0.3404687549175708
"indian_subcontinent","1987",617454730,939981924,322527194,0.6568793656929939,0.3431206343070061
"indian_subcontinent","1988",625966413,956498503,330532090,0.6544353295239815,0.3455646704760185
"indian_subcontinent","1989",685511882,973135396,287623514,0.7044362838077262,0.29556371619227384
"indian_subcontinent","1990",701752533,1008865293,307112760,0.6955859596609197,0.30441404033908026
"indian_subcontinent","1991",711559063,1025487478,313928415,0.6938739655678174,0.3061260344321825
"indian_subcontinent","1992",718920311,1041390823,322470512,0.6903463091108879,0.30965369088911204
"indian_subcontinent","1993",726289684,1057250614,330960930,0.6869607587667005,0.3130392412332995
"indian_subcontinent","1994",735671867,1075120835,339448968,0.6842690077715776,0.3157309922284224
"indian_subcontinent","1995",761542828,1114415547,352872719,0.6833562489773843,0.3166437510226156
"indian_subcontinent","1996",771437863,1132501236,361063373,0.6811805925481569,0.3188194074518432
"indian_subcontinent","1997",774502156,1144825236,370323080,0.6765243564215071,0.3234756435784929
"indian_subcontinent","1998",781123158,1160722696,379599538,0.6729627676721159,0.3270372323278841
"indian_subcontinent","1999",791628355,1180504369,388876014,0.6705848582928878,0.3294151417071121
"indian_subcontinent","2000",818522152,1220303795,401781643,0.6707527710343636,0.3292472289656364
"indian_subcontinent","2001",827426062,1241233474,413807412,0.666615974618809,0.3333840253811911
"indian_subcontinent","2002",828979633,1251137589,422157956,0.662580710777446,0.3374192892225541
"indian_subcontinent","2003",836303667,1266812226,430508559,0.6601638741999322,0.3398361258000679
"indian_subcontinent","2004",844155025,1283014139,438859114,0.6579467827672942,0.3420532172327058
"indian_subcontinent","2005",872665610,1325813288,453147678,0.6582115429816088,0.3417884570183913
"indian_subcontinent","2006",878594226,1341795165,463200939,0.654790126628605,0.34520987337139497
"indian_subcontinent","2007",887023457,1358079667,471056210,0.6531453776636212,0.34685462233637876
"indian_subcontinent","2008",895962091,1374873517,478911426,0.6516687389215309,0.34833126107846907
"indian_subcontinent","2009",903712935,1390479619,486766684,0.6499289329029713,0.3500710670970288
"indian_subcontinent","2010",913741413,1416446503,502705090,0.6450941924490035,0.3549058075509965
"indian_subcontinent","2011",922272619,1431951586,509678967,0.6440669000383369,0.3559330999616631
"indian_subcontinent","2012",931401014,1449601985,518200971,0.6425218947254684,0.3574781052745316
"indian_subcontinent","2013",939934549,1466657500,526722951,0.6408684706552144,0.3591315293447857
"indian_subcontinent","2014",949089725,1484334680,535244955,0.6394041302059991,0.3605958697940009
"indian_subcontinent","2015",954387092,1501983924,547596832,0.6354176477856897,0.3645823522143104
"indian_subcontinent","2016",980473621,1537205544,556731923,0.6378285746021223,0.3621714253978777
"indian_subcontinent","2017",987314492,1552310513,564996021,0.6360289927380013,0.36397100726199877
"indian_subcontinent","2018",1013184848,1586444980,573260132,0.638651110358709,0.3613488896412909
"indian_subcontinent","2019",1021579677,1603103902,581524225,0.6372510700806715,0.36274892991932844
"indian_subcontinent","2020",1022275448,1618032416,595756968,0.6318015868478126,0.36819841315218743
"indian_subcontinent","2021",1031713085,1633293112,601580027,0.6316766276793065,0.3683233723206934
"indian_subcontinent","2022",1038147428,1647407223,609259795,0.6301704967090581,0.36982950329094194
"indian_subcontinent","2023",1043434368,1660369475,616935107,0.6284350463621959,0.371564953637804
"indian_subcontinent","2024",1049039279,1673650936,624611657,0.6267969362280451,0.3732030637719549
"indian_subcontinent","2025",1051222504,1686138743,634916239,0.6234495876238816,0.37655041237611847
"indian_subcontinent","-1000",32634868,32634868,0,1,0
"indian_subcontinent","-10000",350333,350333,0,1,0
"indian_subcontinent","-2000",18761595,18781595,20000,0.9989351277141265,0.001064872285873484
"indian_subcontinent","-3000",8390024,8390024,0,1,0
"indian_subcontinent","-4000",3952849,3952849,0,1,0
"indian_subcontinent","-5000",2000080,2000080,0,1,0
"indian_subcontinent","-6000",1232484,1232484,0,1,0
"indian_subcontinent","-7000",864994,864994,0,1,0
"indian_subcontinent","-8000",660805,660805,0,1,0
"indian_subcontinent","-9000",524694,524694,0,1,0
"southeast_asia","0",4439981,4439981,0,1,0
"southeast_asia","100",5422080,5422080,0,1,0
"southeast_asia","200",6095324,6095324,0,1,0
"southeast_asia","300",8096623,8096623,0,1,0
"southeast_asia","400",7705581,7705581,0,1,0
"southeast_asia","500",7700252,7700252,0,1,0
"southeast_asia","600",7443397,7543397,100000,0.9867433730453269,0.013256626954673074
"southeast_asia","700",8087283,8297283,210000,0.9746905101344621,0.025309489865537913
"southeast_asia","800",8851158,9126158,275000,0.9698668377207583,0.030133162279241715
"southeast_asia","900",8792017,9110418,318401,0.9650508900908827,0.03494910990911723
"southeast_asia","1000",9377043,9709993,332950,0.9657105829015531,0.03428941709844693
"southeast_asia","1100",7617058,8034837,417779,0.9480040478730309,0.0519959521269691
"southeast_asia","1200",9305821,9813086,507265,0.9483072908970736,0.05169270910292644
"southeast_asia","1300",13129940,13592877,462937,0.9659426771830569,0.03405732281694302
"southeast_asia","1400",18081716,18815238,733522,0.9610144713556108,0.03898552864438919
"southeast_asia","1500",21273609,22111071,837462,0.9621247654625142,0.03787523453748577
"southeast_asia","1600",22167345,23379728,1212383,0.9481438364039136,0.051856163596086316
"southeast_asia","1700",29266979,30535063,1268084,0.9584712171708963,0.04152878282910371
"southeast_asia","1710",30973590,32254376,1280786,0.960291093524798,0.039708906475202
"southeast_asia","1720",31522516,32812252,1289736,0.9606934629174493,0.039306537082550747
"southeast_asia","1730",32285029,33585882,1300853,0.9612678624905548,0.03873213750944519
"southeast_asia","1740",32407705,33721583,1313878,0.9610374756131703,0.03896252438682964
"southeast_asia","1750",31103867,32505817,1401950,0.9568707963869975,0.043129203613002556
"southeast_asia","1760",31824304,33251326,1427022,0.9570837565996616,0.04291624340033838
"southeast_asia","1770",32279712,33729460,1449748,0.957018345387089,0.042981654612911084
"southeast_asia","1780",31130868,32597206,1466338,0.9550164514099767,0.04498354859002333
"southeast_asia","1790",31916250,33579542,1663292,0.9504671028568525,0.04953289714314746
"southeast_asia","1800",34189921,36036480,1846559,0.9487586190438134,0.05124138095618662
"southeast_asia","1810",35246472,37134424,1887952,0.9491589798188333,0.05084102018116667
"southeast_asia","1820",37126350,39030163,1903813,0.9512220074510065,0.048777992548993454
"southeast_asia","1830",38228319,40103454,1875135,0.953242556114992,0.04675744388500801
"southeast_asia","1840",40244247,42155898,1911651,0.9546528222456558,0.045347177754344124
"southeast_asia","1850",41813518,43844399,2030881,0.9536798075393849,0.0463201924606151
"southeast_asia","1860",48566445,50516915,1950470,0.9613897642007633,0.03861023579923675
"southeast_asia","1870",58044574,60098029,2053455,0.965831574942333,0.03416842505766703
"southeast_asia","1880",65994679,68696423,2701744,0.9606712564932238,0.03932874350677618
"southeast_asia","1890",72262719,75722423,3459704,0.9543107066185667,0.0456892933814334
"southeast_asia","1900",78445397,82957225,4511828,0.9456125973355546,0.054387402664445444
"southeast_asia","1910",89541116,95325393,5784277,0.939320711743617,0.06067928825638306
"southeast_asia","1920",101491346,108745219,7253873,0.9332947869643814,0.0667052130356186
"southeast_asia","1930",113527900,124158708,10630808,0.9143772662325063,0.08562273376749378
"southeast_asia","1940",126466360,143534233,17067873,0.8810884856994359,0.1189115143005641
"southeast_asia","1950",133789700,158285455,24495755,0.8452431715851593,0.15475682841484076
"southeast_asia","1951",136723144,162094170,25371026,0.8434797130581563,0.15652028694184375
"southeast_asia","1952",139060249,165306545,26246296,0.8412265164697502,0.1587734835302498
"southeast_asia","1953",141782332,169181365,27399033,0.8380493442643638,0.16195065573563613
"southeast_asia","1954",144874969,172859918,27984949,0.8381061999578179,0.16189380004218212
"southeast_asia","1955",148265359,177200860,28935501,0.8367078974673148,0.16329210253268522
"southeast_asia","1956",151766658,181681050,29914392,0.8353466583333815,0.16465334166661852
"southeast_asia","1957",155530264,186781626,31251362,0.8326850308070453,0.16731496919295477
"southeast_asia","1958",159212221,191451811,32239590,0.8316046746614478,0.16839532533855217
"southeast_asia","1959",163470133,196774480,33304347,0.8307486468773796,0.16925135312262038
"southeast_asia","1960",166252871,202959341,36706470,0.8191437269201618,0.1808562730798382
"southeast_asia","1961",169727673,208731259,39003586,0.8131396984483287,0.18686030155167127
"southeast_asia","1962",173390257,214226534,40836277,0.8093780623832527,0.19062193761674734
"southeast_asia","1963",177433826,219976515,42542689,0.806603495832271,0.193396504167729
"southeast_asia","1964",182586041,227038486,44452445,0.8042074461331635,0.19579255386683647
"southeast_asia","1965",186807911,232931951,46124040,0.8019849153283398,0.19801508467166018
"southeast_asia","1966",190728338,238710233,47981895,0.7989952320142053,0.20100476798579472
"southeast_asia","1967",194604683,244457785,49853102,0.7960666214823144,0.2039333785176856
"southeast_asia","1968",197957168,251764536,53807368,0.7862790015826534,0.2137209984173466
"southeast_asia","1969",202434761,256914045,54479284,0.787947428097985,0.21205257190201493
"southeast_asia","1970",206162556,263638410,57475854,0.7819898322099575,0.21801016779004243
"southeast_asia","1971",211613212,272472856,60859644,0.77663960772665,0.22336039227334997
"southeast_asia","1972",216401676,280718537,64316861,0.7708848810365523,0.22911511896344772
"southeast_asia","1973",220386055,288880505,68494450,0.762896945918867,0.23710305408113297
"southeast_asia","1974",224813392,296995444,72182052,0.756959059614396,0.24304094038560403
"southeast_asia","1975",207322969,328223455,120900486,0.6316519000752094,0.36834809992479056
"southeast_asia","1976",208152165,332531419,124379254,0.6259623996612482,0.3740376003387518
"southeast_asia","1977",211846449,339975821,128129372,0.6231221043216482,0.3768778956783518
"southeast_asia","1978",214092596,345972083,131879487,0.6188146573664443,0.3811853426335558
"southeast_asia","1979",214816534,350525617,135709083,0.6128411835874467,0.3871588164125534
"southeast_asia","1980",216997578,358173199,141175621,0.6058453804077061,0.394154619592294
"southeast_asia","1981",218155269,362910350,144755081,0.6011271626725443,0.39887283732745565
"southeast_asia","1982",221570738,370885057,149314319,0.597410798354165,0.402589201645835
"southeast_asia","1983",223426338,377276658,153850320,0.5922082197833718,0.4077917802166282
"southeast_asia","1984",225704712,384079021,158374309,0.5876517582562782,0.4123482417437218
"southeast_asia","1985",236539949,400414403,163874454,0.5907378636427322,0.4092621363572678
"southeast_asia","1986",240550539,407537511,166986972,0.590253737403819,0.40974626259618097
"southeast_asia","1987",242902262,414681081,171778819,0.5857567975231549,0.4142432024768451
"southeast_asia","1988",245392054,421965235,176573181,0.5815456669078437,0.4184543330921563
"southeast_asia","1989",259130907,429308095,170177188,0.6036012598364817,0.3963987401635182
"southeast_asia","1990",256522168,442399264,185877096,0.5798431165563602,0.4201568834436397
"southeast_asia","1991",261730712,449685972,187955260,0.5820299682374793,0.41797003176252073
"southeast_asia","1992",264279535,456660012,192380477,0.5787227435188698,0.42127725648113024
"southeast_asia","1993",266871434,463614637,196743203,0.5756320286324351,0.42436797136756493
"southeast_asia","1994",270344462,471452909,201108447,0.5734283463717051,0.4265716536282948
"southeast_asia","1995",285200420,485416911,200216491,0.5875370501873595,0.41246294981264053
"southeast_asia","1996",289100918,493291942,204191024,0.5860645459317071,0.4139354540682929
"southeast_asia","1997",289886774,498662648,208775874,0.5813284294756322,0.4186715705243678
"southeast_asia","1998",292227714,505588391,213360677,0.5779953005289633,0.4220046994710367
"southeast_asia","1999",296260610,514206125,217945515,0.5761514606618114,0.42384853933818856
"southeast_asia","2000",302451865,526031144,223579279,0.5749695021859771,0.42503049781402297
"southeast_asia","2001",307683785,535051796,227368011,0.5750542046587206,0.42494579534127946
"southeast_asia","2002",320841700,539323435,218481735,0.5948966411963909,0.4051033588036092
"southeast_asia","2003",323450684,546076976,222626292,0.5923170142958014,0.4076829857041986
"southeast_asia","2004",326293888,553064767,226770879,0.589974099724201,0.410025900275799
"southeast_asia","2005",327693804,562495584,234801780,0.5825713362400371,0.41742866375996296
"southeast_asia","2006",331908918,569278316,237369398,0.5830345345526915,0.41696546544730856
"southeast_asia","2007",334232773,576187785,241955012,0.5800761170249383,0.41992388297506167
"southeast_asia","2008",336767445,583308064,246540619,0.5773406297362623,0.4226593702637377
"southeast_asia","2009",338802597,589928800,251126203,0.5743109965134776,0.42568900348652244
"southeast_asia","2010",341811529,598873435,257061906,0.5707575407815509,0.42924245921844906
"southeast_asia","2011",344356721,605429358,261072637,0.5687810087993784,0.4312189912006216
"southeast_asia","2012",347467543,612888328,265420785,0.566934508499891,0.433065491500109
"southeast_asia","2013",350331961,620100882,269768921,0.5649596237794094,0.4350403762205905
"southeast_asia","2014",353456651,627573740,274117089,0.5632113462873701,0.43678865371262987
"southeast_asia","2015",354376360,633729425,279353065,0.5591918980249339,0.4408081019750661
"southeast_asia","2016",365489484,648586889,283097405,0.5635166084894448,0.4364833915105552
"southeast_asia","2017",367697589,654962602,287265013,0.5614024188208535,0.4385975811791465
"southeast_asia","2018",377936376,669368997,291432621,0.5646158960063099,0.43538410399369004
"southeast_asia","2019",380793028,676393274,295600246,0.5629757755397196,0.4370242244602805
"southeast_asia","2020",381445772,681246080,299800308,0.5599236211384879,0.44007637886151213
"southeast_asia","2021",383711863,687672328,303960465,0.5579864818989779,0.4420135181010221
"southeast_asia","2022",386058018,693611442,307553424,0.556591190143602,0.44340880985639797
"southeast_asia","2023",387926283,699071164,311144881,0.554916728048591,0.44508327195140895
"southeast_asia","2024",389925463,704662222,314736759,0.5533508833399614,0.4466491166600386
"southeast_asia","2025",390718930,709683419,318964489,0.5505538378655568,0.4494461621344432
"southeast_asia","-1000",2406114,2406114,0,1,0
"southeast_asia","-10000",213792,213792,0,1,0
"southeast_asia","-2000",1427505,1427505,0,1,0
"southeast_asia","-3000",636417,636417,0,1,0
"southeast_asia","-4000",428423,428423,0,1,0
"southeast_asia","-5000",399249,399249,0,1,0
"southeast_asia","-6000",290631,290631,0,1,0
"southeast_asia","-7000",251455,251455,0,1,0
"southeast_asia","-8000",255852,255852,0,1,0
"southeast_asia","-9000",251759,251759,0,1,0
"eastasia","0",65150196,67848789,2698593,0.9602263645413037,0.03977363545869625
"eastasia","100",68261611,70671023,2409412,0.9659066488962527,0.03409335110374729
"eastasia","200",63828661,66294832,2466171,0.9627999509826045,0.0372000490173955
"eastasia","300",45630495,48153425,2522930,0.9476064267494991,0.052393573250500876
"eastasia","400",51937712,54459335,2521623,0.9536971393425939,0.04630286065740612
"eastasia","500",56350799,59100256,2749457,0.9534780864570197,0.046521913542980256
"eastasia","600",63755985,66814594,3058609,0.9542224412828132,0.04577755871718685
"eastasia","700",59649653,62932687,3283034,0.9478326104207182,0.05216738957928175
"eastasia","800",53404771,57148282,3743511,0.9344947762384178,0.06550522376158219
"eastasia","900",56174227,60368575,4194348,0.93052100368445,0.06947899631554993
"eastasia","1000",58951675,63696201,4744526,0.9255132028988667,0.07448679710113323
"eastasia","1100",115074232,119337275,4263043,0.9642773559225313,0.03572264407746867
"eastasia","1200",128033127,132760039,4726912,0.9643950692120541,0.03560493078794591
"eastasia","1300",94921663,100150566,5228903,0.9477895811392618,0.05221041886073814
"eastasia","1400",90524077,96410141,5886064,0.9389476673413433,0.06105233265865673
"eastasia","1500",130182430,136415465,6233035,0.9543084429613607,0.04569155703863928
"eastasia","1600",124191177,131313117,7121940,0.945763681780549,0.05423631821945099
"eastasia","1700",159080984,168157918,9076934,0.9460213702217698,0.053978629778230244
"eastasia","1710",173527039,182782075,9255036,0.949365735124738,0.05063426487526197
"eastasia","1720",191467290,200925559,9458269,0.9529265015009862,0.04707349849901376
"eastasia","1730",201079635,210713228,9633593,0.9542810240655608,0.0457189759344392
"eastasia","1740",216507579,226281506,9773927,0.9568063375006882,0.04319366249931181
"eastasia","1750",242512323,252574149,10061826,0.9601628827026157,0.03983711729738422
"eastasia","1760",259889443,270139450,10250007,0.9620566081703358,0.037943391829664275
"eastasia","1770",279315707,289813206,10497499,0.963778396626964,0.03622160337303608
"eastasia","1780",315504957,326256151,10751194,0.9670467699473351,0.03295323005266497
"eastasia","1790",335559850,346519290,10959440,0.9683727852495599,0.03162721475044001
"eastasia","1800",341645931,353485720,11839789,0.9665056087697121,0.03349439123028789
"eastasia","1810",374769752,386950049,12180297,0.9685223014405149,0.03147769855948513
"eastasia","1820",388072934,400597773,12524839,0.9687346264902975,0.03126537350970246
"eastasia","1830",408798280,421674436,12876156,0.9694642242907986,0.0305357757092014
"eastasia","1840",424681262,437851479,13170217,0.9699208118924728,0.03007918810752721
"eastasia","1850",431506543,445460513,13953970,0.9686751808683882,0.03132481913161179
"eastasia","1860",423655165,438341433,14686268,0.9664958251847482,0.033504174815251836
"eastasia","1870",383924047,398901040,14976993,0.9624543646213607,0.037545635378639274
"eastasia","1880",386206382,405803863,19597481,0.951707012212449,0.04829298778755095
"eastasia","1890",387870329,408566465,20696136,0.9493445062849198,0.050655493715080116
"eastasia","1900",402834525,428384450,25549925,0.9403574872990837,0.059642512700916195
"eastasia","1910",421209325,452347544,31138219,0.9311630638587042,0.06883693614129582
"eastasia","1920",468166358,505521215,37354857,0.9261062525338328,0.07389374746616717
"eastasia","1930",486584332,534323122,47738790,0.9106555789288864,0.0893444210711136
"eastasia","1940",515079516,577676607,62597091,0.8916399067549571,0.1083600932450429
"eastasia","1950",552296619,636015096,83718477,0.8683702988710192,0.13162970112898076
"eastasia","1951",566482173,655009476,88527303,0.8648457675137512,0.1351542324862488
"eastasia","1952",574093884,667447684,93353800,0.8601331576423599,0.13986684235764013
"eastasia","1953",580813113,679106398,98293285,0.8552608467694042,0.14473915323059583
"eastasia","1954",587113871,691278631,104164760,0.8493158108340253,0.15068418916597467
"eastasia","1955",593757454,702517124,108759670,0.845185738134406,0.15481426186559405
"eastasia","1956",600631765,713534153,112902388,0.841770169619337,0.15822983038066293
"eastasia","1957",608548484,725485608,116937124,0.8388153772996694,0.16118462270033068
"eastasia","1958",615482251,739134123,123651872,0.8327071256051319,0.16729287439486812
"eastasia","1959",624073521,750517110,126443589,0.8315247083440909,0.16847529165590908
"eastasia","1960",629302034,759639666,130337632,0.8284217664852693,0.17157823351473064
"eastasia","1961",635839296,768817347,132978051,0.827035574159593,0.17296442584040705
"eastasia","1962",642655848,780282055,137626207,0.8236199254896359,0.17638007451036408
"eastasia","1963",650946611,791819988,140873377,0.8220891375124013,0.17791086248759863
"eastasia","1964",664197666,806544069,142346403,0.823510693995321,0.17648930600467908
"eastasia","1965",674704864,821838303,147133439,0.8209703314351363,0.17902966856486366
"eastasia","1966",685685720,840154333,154468613,0.8161425741286988,0.1838574258713012
"eastasia","1967",698387246,858282449,159895203,0.8137032824260862,0.18629671757391372
"eastasia","1968",711387935,872086036,160698101,0.815731367816558,0.18426863218344205
"eastasia","1969",724702882,892118515,167415633,0.8123392462043005,0.18766075379569944
"eastasia","1970",735458259,906551456,171093197,0.8112702860189328,0.18872971398106717
"eastasia","1971",748492509,922433608,173941099,0.8114323919993166,0.18856760800068334
"eastasia","1972",758868445,935170812,176302367,0.8114757595749257,0.18852424042507435
"eastasia","1973",766653034,948350786,181697752,0.8084065994542234,0.19159340054577653
"eastasia","1974",776448838,959115877,182667039,0.8095464339810945,0.19045356601890556
"eastasia","1975",699078765,1081999214,382920449,0.6460991430997473,0.3539008569002528
"eastasia","1976",702992568,1096208538,393215970,0.6412945563100513,0.3587054436899487
"eastasia","1977",718078841,1120752561,402673720,0.6407113095144648,0.3592886904855353
"eastasia","1978",728346562,1140511154,412164592,0.6386141507214054,0.36138584927859463
"eastasia","1979",733788882,1155519495,421730613,0.6350294263101117,0.3649705736898883
"eastasia","1980",744477549,1180734522,436256973,0.6305206929487914,0.36947930705120857
"eastasia","1981",752626261,1196345172,443718911,0.629104608448238,0.37089539155176193
"eastasia","1982",768899817,1222639166,453739349,0.6288853149662638,0.3711146850337363
"eastasia","1983",771144517,1243715818,472571301,0.6200327324292341,0.37996726757076593
"eastasia","1984",769725032,1266128154,496403122,0.6079361157622596,0.3920638842377404
"eastasia","1985",739207390,1264948450,525741060,0.584377481944027,0.41562251805597294
"eastasia","1986",748183902,1287454243,539270341,0.581134363468015,0.4188656365319851
"eastasia","1987",752883974,1310018831,557134857,0.5747123294596366,0.4252876705403634
"eastasia","1988",757788233,1333035031,575246798,0.5684683563278391,0.43153164367216096
"eastasia","1989",830984268,1356225064,525240796,0.6127185598156738,0.3872814401843262
"eastasia","1990",814511131,1362559594,548048463,0.5977801885412434,0.4022198114587566
"eastasia","1991",827840001,1385006801,557166800,0.5977154772108588,0.4022845227891412
"eastasia","1992",832689853,1406485959,573796106,0.5920356670976195,0.4079643329023806
"eastasia","1993",836549281,1427905893,591356612,0.5858574329730005,0.4141425670269994
"eastasia","1994",841449192,1452042788,610593596,0.5794933861136329,0.4205066138863671
"eastasia","1995",798957761,1430228038,631270277,0.5586226390284205,0.44137736097157954
"eastasia","1996",813583303,1453436382,639853079,0.5597653348132577,0.44023466518674226
"eastasia","1997",812627030,1469255479,656628449,0.5530876294931959,0.44691237050680416
"eastasia","1998",815793313,1489659667,673866354,0.5476373772291977,0.4523626227708023
"eastasia","1999",824204379,1515048238,690843859,0.5440119715844982,0.45598802841550184
"eastasia","2000",791537018,1477362673,685825655,0.5357770522201355,0.4642229477798645
"eastasia","2001",791603717,1502699489,711095772,0.5267877728013255,0.47321222719867445
"eastasia","2002",795537569,1514692882,719155313,0.5252137766367347,0.47478622336326526
"eastasia","2003",806321482,1533665095,727343613,0.525748081917454,0.4742519180825459
"eastasia","2004",817752358,1553284225,735531867,0.5264666600216068,0.4735333399783932
"eastasia","2005",777410785,1518308749,740897964,0.5120241752621291,0.4879758247378709
"eastasia","2006",788259662,1536613904,748354242,0.5129848558236135,0.4870151441763864
"eastasia","2007",799223843,1555263779,756039936,0.5138831456062606,0.4861168543937395
"eastasia","2008",810763890,1574489533,763725643,0.5149376181975546,0.48506238180244543
"eastasia","2009",820949977,1592361290,771411313,0.5155550955399073,0.4844449044600927
"eastasia","2010",782593791,1559608677,777014886,0.5017885592335672,0.4982114407664327
"eastasia","2011",796606049,1576681906,780075857,0.5052420821020064,0.49475791789799356
"eastasia","2012",807023151,1596110970,789087819,0.505618447694774,0.494381552305226
"eastasia","2013",816792124,1614891940,798099816,0.5057874795015697,0.4942125204984304
"eastasia","2014",827243598,1634355382,807111784,0.5061589462798979,0.4938410537201021
"eastasia","2015",787563249,1600941510,813378261,0.4919375530465195,0.5080624469534806
"eastasia","2016",820022234,1638478841,818456607,0.5004777684523056,0.49952223154769443
"eastasia","2017",826835959,1654582187,827746228,0.49972492481571723,0.5002750751842827
"eastasia","2018",853935634,1690971492,837035858,0.5049970611804968,0.4950029388195032
"eastasia","2019",862395721,1708721222,846325501,0.5047024113100177,0.49529758868998236
"eastasia","2020",816559470,1665079263,848519793,0.49040276228579754,0.5095972377142024
"eastasia","2021",823654578,1680785334,857130756,0.49004150698996995,0.50995849301003
"eastasia","2022",832101547,1695304865,863203318,0.49082708613592047,0.5091729138640796
"eastasia","2023",839373714,1708647843,869274129,0.49125026987787557,0.5087497301221244
"eastasia","2024",846967968,1722313367,875345399,0.49176182698697013,0.5082381730130299
"eastasia","2025",793086151,1660277872,867191721,0.4776827809218673,0.5223172190781328
"eastasia","-1000",11030218,11217408,187190,0.9833125442169884,0.01668745578301155
"eastasia","-10000",488599,488599,0,1,0
"eastasia","-2000",7686626,7686626,0,1,0
"eastasia","-3000",6229315,6229315,0,1,0
"eastasia","-4000",3386381,3386381,0,1,0
"eastasia","-5000",1977849,1977849,0,1,0
"eastasia","-6000",1327352,1327352,0,1,0
"eastasia","-7000",1002334,1002334,0,1,0
"eastasia","-8000",852052,852052,0,1,0
"eastasia","-9000",724177,724177,0,1,0